id,name,types,abilities,height,weight,base_experience,hp,attack,defense,special-attack,special-defense,speed
1,bulbasaur,"grass,poison","overgrow,chlorophyll",7,69,64,45,49,49,65,65,45
2,ivysaur,"grass,poison","overgrow,chlorophyll",10,130,142,60,62,63,80,80,60
3,venusaur,"grass,poison","overgrow,chlorophyll",20,1000,236,80,82,83,100,100,80
4,charmander,fire,"blaze,solar-power",6,85,62,39,52,43,60,50,65
5,charmeleon,fire,"blaze,solar-power",11,190,142,58,64,58,80,65,80
6,charizard,"fire,flying","blaze,solar-power",17,905,240,78,84,78,109,85,100
7,squirtle,water,"torrent,rain-dish",5,90,63,44,48,65,50,64,43
8,wartortle,water,"torrent,rain-dish",10,225,142,59,63,80,65,80,58
9,blastoise,water,"torrent,rain-dish",16,855,239,79,83,100,85,105,78
10,caterpie,bug,"shield-dust,run-away",3,29,39,45,30,35,20,20,45
11,metapod,bug,shed-skin,7,99,72,50,20,55,25,25,30
12,butterfree,"bug,flying","compound-eyes,tinted-lens",11,320,178,60,45,50,90,80,70
13,weedle,"bug,poison","shield-dust,run-away",3,32,39,40,35,30,20,20,50
14,kakuna,"bug,poison",shed-skin,6,100,72,45,25,50,25,25,35
15,beedrill,"bug,poison","swarm,sniper",10,295,178,65,90,40,45,80,75
16,pidgey,"normal,flying","keen-eye,tangled-feet,big-pecks",3,18,50,40,45,40,35,35,56
17,pidgeotto,"normal,flying","keen-eye,tangled-feet,big-pecks",11,300,122,63,60,55,50,50,71
18,pidgeot,"normal,flying","keen-eye,tangled-feet,big-pecks",15,395,216,83,80,75,70,70,101
19,rattata,normal,"run-away,guts,hustle",3,35,51,30,56,35,25,35,72
20,raticate,normal,"run-away,guts,hustle",7,185,145,55,81,60,50,70,97
21,spearow,"normal,flying","keen-eye,sniper",3,20,52,40,60,30,31,31,70
22,fearow,"normal,flying","keen-eye,sniper",12,380,155,65,90,65,61,61,100
23,ekans,poison,"intimidate,shed-skin,unnerve",20,69,58,35,60,44,40,54,55
24,arbok,poison,"intimidate,shed-skin,unnerve",35,650,157,60,95,69,65,79,80
25,pikachu,electric,"static,lightning-rod",4,60,112,35,55,40,50,50,90
26,raichu,electric,"static,lightning-rod",8,300,218,60,90,55,90,80,110
27,sandshrew,ground,"sand-veil,sand-rush",6,120,60,50,75,85,20,30,40
28,sandslash,ground,"sand-veil,sand-rush",10,295,158,75,100,110,45,55,65
29,nidoran-f,poison,"poison-point,rivalry,hustle",4,70,55,55,47,52,40,40,41
30,nidorina,poison,"poison-point,rivalry,hustle",8,200,128,70,62,67,55,55,56
31,nidoqueen,"poison,ground","poison-point,rivalry,sheer-force",13,600,227,90,92,87,75,85,76
32,nidoran-m,poison,"poison-point,rivalry,hustle",5,90,55,46,57,40,40,40,50
33,nidorino,poison,"poison-point,rivalry,hustle",9,195,128,61,72,57,55,55,65
34,nidoking,"poison,ground","poison-point,rivalry,sheer-force",14,620,227,81,102,77,85,75,85
35,clefairy,fairy,"cute-charm,magic-guard,friend-guard",6,75,113,70,45,48,60,65,35
36,clefable,fairy,"cute-charm,magic-guard,unaware",13,400,217,95,70,73,95,90,60
37,vulpix,fire,"flash-fire,drought",6,99,60,38,41,40,50,65,65
38,ninetales,fire,"flash-fire,drought",11,199,177,73,76,75,81,100,100
39,jigglypuff,"normal,fairy","cute-charm,competitive,friend-guard",5,55,95,115,45,20,45,25,20
40,wigglytuff,"normal,fairy","cute-charm,competitive,frisk",10,120,196,140,70,45,85,50,45
41,zubat,"poison,flying","inner-focus,infiltrator",8,75,49,40,45,35,30,40,55
42,golbat,"poison,flying","inner-focus,infiltrator",16,550,159,75,80,70,65,75,90
43,oddish,"grass,poison","chlorophyll,run-away",5,54,64,45,50,55,75,65,30
44,gloom,"grass,poison","chlorophyll,stench",8,86,138,60,65,70,85,75,40
45,vileplume,"grass,poison","chlorophyll,effect-spore",12,186,221,75,80,85,110,90,50
46,paras,"bug,grass","effect-spore,dry-skin,damp",3,54,57,35,70,55,45,55,25
47,parasect,"bug,grass","effect-spore,dry-skin,damp",10,295,142,60,95,80,60,80,30
48,venonat,"bug,poison","compound-eyes,tinted-lens,run-away",10,300,61,60,55,50,40,55,45
49,venomoth,"bug,poison","shield-dust,tinted-lens,wonder-skin",15,125,158,70,65,60,90,75,90
50,diglett,ground,"sand-veil,arena-trap,sand-force",2,8,53,10,55,25,35,45,95
51,dugtrio,ground,"sand-veil,arena-trap,sand-force",7,333,149,35,100,50,50,70,120
52,meowth,normal,"pickup,technician,unnerve",4,42,58,40,45,35,40,40,90
53,persian,normal,"limber,technician,unnerve",10,320,154,65,70,60,65,65,115
54,psyduck,water,"damp,cloud-nine,swift-swim",8,196,64,50,52,48,65,50,55
55,golduck,water,"damp,cloud-nine,swift-swim",17,766,175,80,82,78,95,80,85
56,mankey,fighting,"vital-spirit,anger-point,defiant",5,280,61,40,80,35,35,45,70
57,primeape,fighting,"vital-spirit,anger-point,defiant",10,320,159,65,105,60,60,70,95
58,growlithe,fire,"intimidate,flash-fire,justified",7,190,70,55,70,45,70,50,60
59,arcanine,fire,"intimidate,flash-fire,justified",19,1550,194,90,110,80,100,80,95
60,poliwag,water,"water-absorb,damp,swift-swim",6,124,60,40,50,40,40,40,90
61,poliwhirl,water,"water-absorb,damp,swift-swim",10,200,135,65,65,65,50,50,90
62,poliwrath,"water,fighting","water-absorb,damp,swift-swim",13,540,230,90,95,95,70,90,70
63,abra,psychic,"synchronize,inner-focus,magic-guard",9,195,62,25,20,15,105,55,90
64,kadabra,psychic,"synchronize,inner-focus,magic-guard",13,565,140,40,35,30,120,70,105
65,alakazam,psychic,"synchronize,inner-focus,magic-guard",15,480,225,55,50,45,135,95,120
66,machop,fighting,"guts,no-guard,steadfast",8,195,61,70,80,50,35,35,35
67,machoke,fighting,"guts,no-guard,steadfast",15,705,142,80,100,70,50,60,45
68,machamp,fighting,"guts,no-guard,steadfast",16,1300,227,90,130,80,65,85,55
69,bellsprout,"grass,poison","chlorophyll,gluttony",7,40,60,50,75,35,70,30,40
70,weepinbell,"grass,poison","chlorophyll,gluttony",10,64,137,65,90,50,85,45,55
71,victreebel,"grass,poison","chlorophyll,gluttony",17,155,221,80,105,65,100,70,70
72,tentacool,"water,poison","clear-body,liquid-ooze,rain-dish",9,455,67,40,40,35,50,100,70
73,tentacruel,"water,poison","clear-body,liquid-ooze,rain-dish",16,550,180,80,70,65,80,120,100
74,geodude,"rock,ground","rock-head,sturdy,sand-veil",4,200,60,40,80,100,30,30,20
75,graveler,"rock,ground","rock-head,sturdy,sand-veil",10,1050,137,55,95,115,45,45,35
76,golem,"rock,ground","rock-head,sturdy,sand-veil",14,3000,223,80,120,130,55,65,45
77,ponyta,fire,"run-away,flash-fire,flame-body",10,300,82,50,85,55,65,65,90
78,rapidash,fire,"run-away,flash-fire,flame-body",17,950,175,65,100,70,80,80,105
79,slowpoke,"water,psychic","oblivious,own-tempo,regenerator",12,360,63,90,65,65,40,40,15
80,slowbro,"water,psychic","oblivious,own-tempo,regenerator",16,785,172,95,75,110,100,80,30
81,magnemite,"electric,steel","magnet-pull,sturdy,analytic",3,60,65,25,35,70,95,55,45
82,magneton,"electric,steel","magnet-pull,sturdy,analytic",10,600,163,50,60,95,120,70,70
83,farfetchd,"normal,flying","keen-eye,inner-focus,defiant",8,150,132,52,90,55,58,62,60
84,doduo,"normal,flying","run-away,early-bird,tangled-feet",14,392,62,35,85,45,35,35,75
85,dodrio,"normal,flying","run-away,early-bird,tangled-feet",18,852,165,60,110,70,60,60,110
86,seel,water,"thick-fat,hydration,ice-body",11,900,65,65,45,55,45,70,45
87,dewgong,"water,ice","thick-fat,hydration,ice-body",17,1200,166,90,70,80,70,95,70
88,grimer,poison,"stench,sticky-hold,poison-touch",9,300,65,80,80,50,40,50,25
89,muk,poison,"stench,sticky-hold,poison-touch",12,300,175,105,105,75,65,100,50
90,shellder,water,"shell-armor,skill-link,overcoat",3,40,61,30,65,100,45,25,40
91,cloyster,"water,ice","shell-armor,skill-link,overcoat",15,1325,184,50,95,180,85,45,70
92,gastly,"ghost,poison",levitate,13,1,62,30,35,30,100,35,80
93,haunter,"ghost,poison",levitate,16,1,142,45,50,45,115,55,95
94,gengar,"ghost,poison",cursed-body,15,405,225,60,65,60,130,75,110
95,onix,"rock,ground","rock-head,sturdy,weak-armor",88,2100,77,35,45,160,30,45,70
96,drowzee,psychic,"insomnia,forewarn,inner-focus",10,324,66,60,48,45,43,90,42
97,hypno,psychic,"insomnia,forewarn,inner-focus",16,756,169,85,73,70,73,115,67
98,krabby,water,"hyper-cutter,shell-armor,sheer-force",4,65,65,30,105,90,25,25,50
99,kingler,water,"hyper-cutter,shell-armor,sheer-force",13,600,166,55,130,115,50,50,75
100,voltorb,electric,"soundproof,static,aftermath",5,104,66,40,30,50,55,55,100
101,electrode,electric,"soundproof,static,aftermath",12,666,172,60,50,70,80,80,150
102,exeggcute,"grass,psychic","chlorophyll,harvest",4,25,65,60,40,80,60,45,40
103,exeggutor,"grass,psychic","chlorophyll,harvest",20,1200,186,95,95,85,125,75,55
104,cubone,ground,"rock-head,lightning-rod,battle-armor",4,65,64,50,50,95,40,50,35
105,marowak,ground,"rock-head,lightning-rod,battle-armor",10,450,149,60,80,110,50,80,45
106,hitmonlee,fighting,"limber,reckless,unburden",15,498,159,50,120,53,35,110,87
107,hitmonchan,fighting,"keen-eye,iron-fist,inner-focus",14,502,159,50,105,79,35,110,76
108,lickitung,normal,"own-tempo,oblivious,cloud-nine",12,655,77,90,55,75,60,75,30
109,koffing,poison,"levitate,neutralizing-gas,stench",6,10,68,40,65,95,60,45,35
110,weezing,poison,"levitate,neutralizing-gas,stench",12,95,172,65,90,120,85,70,60
111,rhyhorn,"ground,rock","lightning-rod,rock-head,reckless",10,1150,69,80,85,95,30,30,25
112,rhydon,"ground,rock","lightning-rod,rock-head,reckless",19,1200,170,105,130,120,45,45,40
113,chansey,normal,"natural-cure,serene-grace,healer",11,346,395,250,5,5,35,105,50
114,tangela,grass,"chlorophyll,leaf-guard,regenerator",10,350,87,65,55,115,100,40,60
115,kangaskhan,normal,"early-bird,scrappy,inner-focus",22,800,172,105,95,80,40,80,90
116,horsea,water,"swift-swim,sniper,damp",4,80,59,30,40,70,70,25,60
117,seadra,water,"poison-point,sniper,damp",12,250,154,55,65,95,95,45,85
118,goldeen,water,"swift-swim,water-veil,lightning-rod",6,150,64,45,67,60,35,50,63
119,seaking,water,"swift-swim,water-veil,lightning-rod",13,390,158,80,92,65,65,80,68
120,staryu,water,"illuminate,natural-cure,analytic",8,345,68,30,45,55,70,55,85
121,starmie,"water,psychic","illuminate,natural-cure,analytic",11,800,182,60,75,85,100,85,115
122,mr-mime,"psychic,fairy","soundproof,filter,technician",13,545,161,40,45,65,100,120,90
123,scyther,"bug,flying","swarm,technician,steadfast",15,560,100,70,110,80,55,80,105
124,jynx,"ice,psychic","oblivious,forewarn,dry-skin",14,406,159,65,50,35,115,95,95
125,electabuzz,electric,"static,vital-spirit",11,300,172,65,83,57,95,85,105
126,magmar,fire,"flame-body,vital-spirit",13,445,173,65,95,57,100,85,93
127,pinsir,bug,"hyper-cutter,mold-breaker,moxie",15,550,175,65,125,100,55,70,85
128,tauros,normal,"intimidate,anger-point,sheer-force",14,884,172,75,100,95,40,70,110
129,magikarp,water,"swift-swim,rattled",9,100,40,20,10,55,15,20,80
130,gyarados,"water,flying","intimidate,moxie",65,2350,189,95,125,79,60,100,81
131,lapras,"water,ice","water-absorb,shell-armor,hydration",25,2200,187,130,85,80,85,95,60
132,ditto,normal,"limber,imposter",3,40,101,48,48,48,48,48,48
133,eevee,normal,"run-away,adaptability,anticipation",3,65,65,55,55,50,45,65,55
134,vaporeon,water,"water-absorb,hydration",10,290,184,130,65,60,110,95,65
135,jolteon,electric,"volt-absorb,quick-feet",8,245,184,65,65,60,110,95,130
136,flareon,fire,"flash-fire,guts",9,250,184,65,130,60,95,110,65
137,porygon,normal,"trace,download,analytic",8,365,79,65,60,70,85,75,40
138,omanyte,"rock,water","swift-swim,shell-armor,weak-armor",4,75,71,35,40,100,90,55,35
139,omastar,"rock,water","swift-swim,shell-armor,weak-armor",10,350,173,70,60,125,115,70,55
140,kabuto,"rock,water","swift-swim,battle-armor,weak-armor",5,115,71,30,80,90,55,45,55
141,kabutops,"rock,water","swift-swim,battle-armor,weak-armor",13,405,173,60,115,105,65,70,80
142,aerodactyl,"rock,flying","rock-head,pressure,unnerve",18,590,180,80,105,65,60,75,130
143,snorlax,normal,"immunity,thick-fat,gluttony",21,4600,189,160,110,65,65,110,30
144,articuno,"ice,flying","pressure,snow-cloak",17,554,261,90,85,100,95,125,85
145,zapdos,"electric,flying","pressure,static",16,526,261,90,90,85,125,90,100
146,moltres,"fire,flying","pressure,flame-body",20,600,261,90,100,90,125,85,90
147,dratini,dragon,"shed-skin,marvel-scale",18,33,60,41,64,45,50,50,50
148,dragonair,dragon,"shed-skin,marvel-scale",40,165,147,61,84,65,70,70,70
149,dragonite,"dragon,flying","inner-focus,multiscale",22,2100,270,91,134,95,100,100,80
150,mewtwo,psychic,"pressure,unnerve",20,1220,306,106,110,90,154,90,130
151,mew,psychic,synchronize,4,40,270,100,100,100,100,100,100
152,chikorita,grass,"overgrow,leaf-guard",9,64,64,45,49,65,49,65,45
153,bayleef,grass,"overgrow,leaf-guard",12,158,142,60,62,80,63,80,60
154,meganium,grass,"overgrow,leaf-guard",18,1005,236,80,82,100,83,100,80
155,cyndaquil,fire,"blaze,flash-fire",5,79,62,39,52,43,60,50,65
156,quilava,fire,"blaze,flash-fire",9,190,142,58,64,58,80,65,80
157,typhlosion,fire,"blaze,flash-fire",17,795,240,78,84,78,109,85,100
158,totodile,water,"torrent,sheer-force",6,95,63,50,65,64,44,48,43
159,croconaw,water,"torrent,sheer-force",11,250,142,65,80,80,59,63,58
160,feraligatr,water,"torrent,sheer-force",23,888,239,85,105,100,79,83,78
161,sentret,normal,"run-away,keen-eye,frisk",8,60,43,35,46,34,35,45,20
162,furret,normal,"run-away,keen-eye,frisk",18,325,145,85,76,64,45,55,90
163,hoothoot,"normal,flying","insomnia,keen-eye,tinted-lens",7,212,52,60,30,30,36,56,50
164,noctowl,"normal,flying","insomnia,keen-eye,tinted-lens",16,408,158,100,50,50,86,96,70
165,ledyba,"bug,flying","swarm,early-bird,rattled",10,108,53,40,20,30,40,80,55
166,ledian,"bug,flying","swarm,early-bird,iron-fist",14,356,137,55,35,50,55,110,85
167,spinarak,"bug,poison","swarm,insomnia,sniper",5,85,50,40,60,40,40,40,30
168,ariados,"bug,poison","swarm,insomnia,sniper",11,335,140,70,90,70,60,70,40
169,crobat,"poison,flying","inner-focus,infiltrator",18,750,241,85,90,80,70,80,130
170,chinchou,"water,electric","volt-absorb,illuminate,water-absorb",5,120,66,75,38,38,56,56,67
171,lanturn,"water,electric","volt-absorb,illuminate,water-absorb",12,225,161,125,58,58,76,76,67
172,pichu,electric,"static,lightning-rod",3,20,41,20,40,15,35,35,60
173,cleffa,fairy,"cute-charm,magic-guard,friend-guard",3,30,44,50,25,28,45,55,15
174,igglybuff,"normal,fairy","cute-charm,competitive,friend-guard",3,10,42,90,30,15,40,20,15
175,togepi,fairy,"hustle,serene-grace,super-luck",3,15,49,35,20,65,40,65,20
176,togetic,"fairy,flying","hustle,serene-grace,super-luck",6,32,142,55,40,85,80,105,40
177,natu,"psychic,flying","synchronize,early-bird,magic-bounce",2,20,64,40,50,45,70,45,70
178,xatu,"psychic,flying","synchronize,early-bird,magic-bounce",15,150,165,65,75,70,95,70,95
179,mareep,electric,"static,plus",6,78,56,55,40,40,65,45,35
180,flaaffy,electric,"static,plus",8,133,128,70,55,55,80,60,45
181,ampharos,electric,"static,plus",14,615,230,90,75,85,115,90,55
182,bellossom,grass,"chlorophyll,healer",4,58,221,75,80,95,90,100,50
183,marill,"water,fairy","thick-fat,huge-power,sap-sipper",4,85,88,70,20,50,20,50,40
184,azumarill,"water,fairy","thick-fat,huge-power,sap-sipper",8,285,189,100,50,80,60,80,50
185,sudowoodo,rock,"sturdy,rock-head,rattled",12,380,144,70,100,115,30,65,30
186,politoed,water,"water-absorb,damp,drizzle",11,339,225,90,75,75,90,100,70
187,hoppip,"grass,flying","chlorophyll,leaf-guard,infiltrator",4,5,50,35,35,40,35,55,50
188,skiploom,"grass,flying","chlorophyll,leaf-guard,infiltrator",6,10,119,55,45,50,45,65,80
189,jumpluff,"grass,flying","chlorophyll,leaf-guard,infiltrator",8,30,207,75,55,70,55,95,110
190,aipom,normal,"run-away,pickup,skill-link",8,115,72,55,70,55,40,55,85
191,sunkern,grass,"chlorophyll,solar-power,early-bird",3,18,36,30,30,30,30,30,30
192,sunflora,grass,"chlorophyll,solar-power,early-bird",8,85,149,75,75,55,105,85,30
193,yanma,"bug,flying","speed-boost,compound-eyes,frisk",12,380,78,65,65,45,75,45,95
194,wooper,"water,ground","damp,water-absorb,unaware",4,85,42,55,45,45,25,25,15
195,quagsire,"water,ground","damp,water-absorb,unaware",14,750,151,95,85,85,65,65,35
196,espeon,psychic,"synchronize,magic-bounce",9,265,184,65,65,60,130,95,110
197,umbreon,dark,"synchronize,inner-focus",10,270,184,95,65,110,60,130,65
198,murkrow,"dark,flying","insomnia,super-luck,prankster",5,21,81,60,85,42,85,42,91
199,slowking,"water,psychic","oblivious,own-tempo,regenerator",20,795,172,95,75,80,100,110,30
200,misdreavus,ghost,levitate,7,10,87,60,60,60,85,85,85
201,unown,psychic,levitate,5,50,118,48,72,48,72,48,48
202,wobbuffet,psychic,"shadow-tag,telepathy",13,285,142,190,33,58,33,58,33
203,girafarig,"normal,psychic","inner-focus,early-bird,sap-sipper",15,415,159,70,80,65,90,65,85
204,pineco,bug,"sturdy,overcoat",6,72,58,50,65,90,35,35,15
205,forretress,"bug,steel","sturdy,overcoat",12,1258,163,75,90,140,60,60,40
206,dunsparce,normal,"serene-grace,run-away,rattled",15,140,145,100,70,70,65,65,45
207,gligar,"ground,flying","hyper-cutter,sand-veil,immunity",11,648,86,65,75,105,35,65,85
208,steelix,"steel,ground","rock-head,sturdy,sheer-force",92,4000,179,75,85,200,55,65,30
209,snubbull,fairy,"intimidate,run-away,rattled",6,78,60,60,80,50,40,40,30
210,granbull,fairy,"intimidate,quick-feet,rattled",14,487,158,90,120,75,60,60,45
211,qwilfish,"water,poison","poison-point,swift-swim,intimidate",5,39,88,65,95,85,55,55,85
212,scizor,"bug,steel","swarm,technician,light-metal",18,1180,175,70,130,100,55,80,65
213,shuckle,"bug,rock","sturdy,gluttony,contrary",6,205,177,20,10,230,10,230,5
214,heracross,"bug,fighting","swarm,guts,moxie",15,540,175,80,125,75,40,95,85
215,sneasel,"dark,ice","inner-focus,keen-eye,pickpocket",9,280,86,55,95,55,35,75,115
216,teddiursa,normal,"pickup,quick-feet,honey-gather",6,88,66,60,80,50,50,50,40
217,ursaring,normal,"guts,quick-feet,unnerve",18,1258,175,90,130,75,75,75,55
218,slugma,fire,"magma-armor,flame-body,weak-armor",7,350,50,40,40,40,70,40,20
219,magcargo,"fire,rock","magma-armor,flame-body,weak-armor",8,550,151,60,50,120,90,80,30
220,swinub,"ice,ground","oblivious,snow-cloak,thick-fat",4,65,50,50,50,40,30,30,50
221,piloswine,"ice,ground","oblivious,snow-cloak,thick-fat",11,558,158,100,100,80,60,60,50
222,corsola,"water,rock","hustle,natural-cure,regenerator",6,50,144,65,55,95,65,95,35
223,remoraid,water,"hustle,sniper,moody",6,120,60,35,65,35,65,35,65
224,octillery,water,"suction-cups,sniper,moody",9,285,168,75,105,75,105,75,45
225,delibird,"ice,flying","vital-spirit,hustle,insomnia",9,160,116,45,55,45,65,45,75
226,mantine,"water,flying","swift-swim,water-absorb,water-veil",21,2200,170,85,40,70,80,140,70
227,skarmory,"steel,flying","keen-eye,sturdy,weak-armor",17,505,163,65,80,140,40,70,70
228,houndour,"dark,fire","early-bird,flash-fire,unnerve",6,108,66,45,60,30,80,50,65
229,houndoom,"dark,fire","early-bird,flash-fire,unnerve",14,350,175,75,90,50,110,80,95
230,kingdra,"water,dragon","swift-swim,sniper,damp",18,1520,243,75,95,95,95,95,85
231,phanpy,ground,"pickup,sand-veil",5,335,66,90,60,60,40,40,40
232,donphan,ground,"sturdy,sand-veil",11,1200,175,90,120,120,60,60,50
233,porygon2,normal,"trace,download,analytic",6,325,180,85,80,90,105,95,60
234,stantler,normal,"intimidate,frisk,sap-sipper",14,712,163,73,95,62,85,65,85
235,smeargle,normal,"own-tempo,technician,moody",12,580,88,55,20,35,20,45,75
236,tyrogue,fighting,"guts,steadfast,vital-spirit",7,210,42,35,35,35,35,35,35
237,hitmontop,fighting,"intimidate,technician,steadfast",14,480,159,50,95,95,35,110,70
238,smoochum,"ice,psychic","oblivious,forewarn,hydration",4,60,61,45,30,15,85,65,65
239,elekid,electric,"static,vital-spirit",6,235,72,45,63,37,65,55,95
240,magby,fire,"flame-body,vital-spirit",7,214,73,45,75,37,70,55,83
241,miltank,normal,"thick-fat,scrappy,sap-sipper",12,755,172,95,80,105,40,70,100
242,blissey,normal,"natural-cure,serene-grace,healer",15,468,608,255,10,10,75,135,55
243,raikou,electric,"pressure,inner-focus",19,1780,261,90,85,75,115,100,115
244,entei,fire,"pressure,inner-focus",21,1980,261,115,115,85,90,75,100
245,suicune,water,"pressure,inner-focus",20,1870,261,100,75,115,90,115,85
246,larvitar,"rock,ground","guts,sand-veil",6,720,60,50,64,50,45,50,41
247,pupitar,"rock,ground",shed-skin,12,1520,144,70,84,70,65,70,51
248,tyranitar,"rock,dark","sand-stream,unnerve",20,2020,270,100,134,110,95,100,61
249,lugia,"psychic,flying","pressure,multiscale",52,2160,306,106,90,130,90,154,110
250,ho-oh,"fire,flying","pressure,regenerator",38,1990,306,106,130,90,110,154,90
251,celebi,"psychic,grass",natural-cure,6,50,270,100,100,100,100,100,100
252,treecko,grass,"overgrow,unburden",5,50,62,40,45,35,65,55,70
253,grovyle,grass,"overgrow,unburden",9,216,142,50,65,45,85,65,95
254,sceptile,grass,"overgrow,unburden",17,522,239,70,85,65,105,85,120
255,torchic,fire,"blaze,speed-boost",4,25,62,45,60,40,70,50,45
256,combusken,"fire,fighting","blaze,speed-boost",9,195,142,60,85,60,85,60,55
257,blaziken,"fire,fighting","blaze,speed-boost",19,520,239,80,120,70,110,70,80
258,mudkip,water,"torrent,damp",4,76,62,50,70,50,50,50,40
259,marshtomp,"water,ground","torrent,damp",7,280,142,70,85,70,60,70,50
260,swampert,"water,ground","torrent,damp",15,819,241,100,110,90,85,90,60
261,poochyena,dark,"run-away,quick-feet,rattled",5,136,56,35,55,35,30,30,35
262,mightyena,dark,"intimidate,quick-feet,moxie",10,370,147,70,90,70,60,60,70
263,zigzagoon,normal,"pickup,gluttony,quick-feet",4,175,56,38,30,41,30,41,60
264,linoone,normal,"pickup,gluttony,quick-feet",5,325,147,78,70,61,50,61,100
265,wurmple,bug,"shield-dust,run-away",3,36,56,45,45,35,20,30,20
266,silcoon,bug,shed-skin,6,100,72,50,35,55,25,25,15
267,beautifly,"bug,flying","swarm,rivalry",10,284,178,60,70,50,100,50,65
268,cascoon,bug,shed-skin,7,115,72,50,35,55,25,25,15
269,dustox,"bug,poison","shield-dust,compound-eyes",12,316,173,60,50,70,50,90,65
270,lotad,"water,grass","swift-swim,rain-dish,own-tempo",5,26,44,40,30,30,40,50,30
271,lombre,"water,grass","swift-swim,rain-dish,own-tempo",12,325,119,60,50,50,60,70,50
272,ludicolo,"water,grass","swift-swim,rain-dish,own-tempo",15,550,216,80,70,70,90,100,70
273,seedot,grass,"chlorophyll,early-bird,pickpocket",5,40,44,40,40,50,30,30,30
274,nuzleaf,"grass,dark","chlorophyll,early-bird,pickpocket",10,280,119,70,70,40,60,40,60
275,shiftry,"grass,dark","chlorophyll,wind-rider,pickpocket",13,596,216,90,100,60,90,60,80
276,taillow,"normal,flying","guts,scrappy",3,23,54,40,55,30,30,30,85
277,swellow,"normal,flying","guts,scrappy",7,198,159,60,85,60,75,50,125
278,wingull,"water,flying","keen-eye,hydration,rain-dish",6,95,54,40,30,30,55,30,85
279,pelipper,"water,flying","keen-eye,drizzle,rain-dish",12,280,154,60,50,100,95,70,65
280,ralts,"psychic,fairy","synchronize,trace,telepathy",4,66,40,28,25,25,45,35,40
281,kirlia,"psychic,fairy","synchronize,trace,telepathy",8,202,97,38,35,35,65,55,50
282,gardevoir,"psychic,fairy","synchronize,trace,telepathy",16,484,233,68,65,65,125,115,80
283,surskit,"bug,water","swift-swim,rain-dish",5,17,54,40,30,32,50,52,65
284,masquerain,"bug,flying","intimidate,unnerve",8,36,159,70,60,62,100,82,80
285,shroomish,grass,"effect-spore,poison-heal,quick-feet",4,45,59,60,40,60,40,60,35
286,breloom,"grass,fighting","effect-spore,poison-heal,technician",12,392,161,60,130,80,60,60,70
287,slakoth,normal,truant,8,240,56,60,60,60,35,35,30
288,vigoroth,normal,vital-spirit,14,465,154,80,80,80,55,55,90
289,slaking,normal,truant,20,1305,252,150,160,100,95,65,100
290,nincada,"bug,ground","compound-eyes,run-away",5,55,53,31,45,90,30,30,40
291,ninjask,"bug,flying","speed-boost,infiltrator",8,120,160,61,90,45,50,50,160
292,shedinja,"bug,ghost",wonder-guard,8,12,83,1,90,45,30,30,40
293,whismur,normal,"soundproof,rattled",6,163,48,64,51,23,51,23,28
294,loudred,normal,"soundproof,scrappy",10,405,126,84,71,43,71,43,48
295,exploud,normal,"soundproof,scrappy",15,840,221,104,91,63,91,73,68
296,makuhita,fighting,"thick-fat,guts,sheer-force",10,864,47,72,60,30,20,30,25
297,hariyama,fighting,"thick-fat,guts,sheer-force",23,2538,166,144,120,60,40,60,50
298,azurill,"normal,fairy","thick-fat,huge-power,sap-sipper",2,20,38,50,20,40,20,40,20
299,nosepass,rock,"sturdy,magnet-pull,sand-force",10,970,75,30,45,135,45,90,30
300,skitty,normal,"cute-charm,normalize,wonder-skin",6,110,52,50,45,45,35,35,50
301,delcatty,normal,"cute-charm,normalize,wonder-skin",11,326,140,70,65,65,55,55,90
302,sableye,"dark,ghost","keen-eye,stall,prankster",5,110,133,50,75,75,65,65,50
303,mawile,"steel,fairy","hyper-cutter,intimidate,sheer-force",6,115,133,50,85,85,55,55,50
304,aron,"steel,rock","sturdy,rock-head,heavy-metal",4,600,66,50,70,100,40,40,30
305,lairon,"steel,rock","sturdy,rock-head,heavy-metal",9,1200,151,60,90,140,50,50,40
306,aggron,"steel,rock","sturdy,rock-head,heavy-metal",21,3600,239,70,110,180,60,60,50
307,meditite,"fighting,psychic","pure-power,telepathy",6,112,56,30,40,55,40,55,60
308,medicham,"fighting,psychic","pure-power,telepathy",13,315,144,60,60,75,60,75,80
309,electrike,electric,"static,lightning-rod,minus",6,152,59,40,45,40,65,40,65
310,manectric,electric,"static,lightning-rod,minus",15,402,166,70,75,60,105,60,105
311,plusle,electric,"plus,lightning-rod",4,42,142,60,50,40,85,75,95
312,minun,electric,"minus,volt-absorb",4,42,142,60,40,50,75,85,95
313,volbeat,bug,"illuminate,swarm,prankster",7,177,151,65,73,75,47,85,85
314,illumise,bug,"oblivious,tinted-lens,prankster",6,177,151,65,47,75,73,85,85
315,roselia,"grass,poison","natural-cure,poison-point,leaf-guard",3,20,140,50,60,45,100,80,65
316,gulpin,poison,"liquid-ooze,sticky-hold,gluttony",4,103,60,70,43,53,43,53,40
317,swalot,poison,"liquid-ooze,sticky-hold,gluttony",17,800,163,100,73,83,73,83,55
318,carvanha,"water,dark","rough-skin,speed-boost",8,208,61,45,90,20,65,20,65
319,sharpedo,"water,dark","rough-skin,speed-boost",18,888,161,70,120,40,95,40,95
320,wailmer,water,"water-veil,oblivious,pressure",20,1300,80,130,70,35,70,35,60
321,wailord,water,"water-veil,oblivious,pressure",145,3980,175,170,90,45,90,45,60
322,numel,"fire,ground","oblivious,simple,own-tempo",7,240,61,60,60,40,65,45,35
323,camerupt,"fire,ground","magma-armor,solid-rock,anger-point",19,2200,161,70,100,70,105,75,40
324,torkoal,fire,"white-smoke,drought,shell-armor",5,804,165,70,85,140,85,70,20
325,spoink,psychic,"thick-fat,own-tempo,gluttony",7,306,66,60,25,35,70,80,60
326,grumpig,psychic,"thick-fat,own-tempo,gluttony",9,715,165,80,45,65,90,110,80
327,spinda,normal,"own-tempo,tangled-feet,contrary",11,50,126,60,60,60,60,60,60
328,trapinch,ground,"hyper-cutter,arena-trap,sheer-force",7,150,58,45,100,45,45,45,10
329,vibrava,"ground,dragon",levitate,11,153,119,50,70,50,50,50,70
330,flygon,"ground,dragon",levitate,20,820,234,80,100,80,80,80,100
331,cacnea,grass,"sand-veil,water-absorb",4,513,67,50,85,40,85,40,35
332,cacturne,"grass,dark","sand-veil,water-absorb",13,774,166,70,115,60,115,60,55
333,swablu,"normal,flying","natural-cure,cloud-nine",4,12,62,45,40,60,40,75,50
334,altaria,"dragon,flying","natural-cure,cloud-nine",11,206,172,75,70,90,70,105,80
335,zangoose,normal,"immunity,toxic-boost",13,403,160,73,115,60,60,60,90
336,seviper,poison,"shed-skin,infiltrator",27,525,160,73,100,60,100,60,65
337,lunatone,"rock,psychic",levitate,10,1680,161,90,55,65,95,85,70
338,solrock,"rock,psychic",levitate,12,1540,161,90,95,85,55,65,70
339,barboach,"water,ground","oblivious,anticipation,hydration",4,19,58,50,48,43,46,41,60
340,whiscash,"water,ground","oblivious,anticipation,hydration",9,236,164,110,78,73,76,71,60
341,corphish,water,"hyper-cutter,shell-armor,adaptability",6,115,62,43,80,65,50,35,35
342,crawdaunt,"water,dark","hyper-cutter,shell-armor,adaptability",11,328,164,63,120,85,90,55,55
343,baltoy,"ground,psychic",levitate,5,215,60,40,40,55,40,70,55
344,claydol,"ground,psychic",levitate,15,1080,175,60,70,105,70,120,75
345,lileep,"rock,grass","suction-cups,storm-drain",10,238,71,66,41,77,61,87,23
346,cradily,"rock,grass","suction-cups,storm-drain",15,604,173,86,81,97,81,107,43
347,anorith,"rock,bug","battle-armor,swift-swim",7,125,71,45,95,50,40,50,75
348,armaldo,"rock,bug","battle-armor,swift-swim",15,682,173,75,125,100,70,80,45
349,feebas,water,"swift-swim,oblivious,adaptability",6,74,40,20,15,20,10,55,80
350,milotic,water,"marvel-scale,competitive,cute-charm",62,1620,189,95,60,79,100,125,81
351,castform,normal,forecast,3,8,147,70,70,70,70,70,70
352,kecleon,normal,"color-change,protean",10,220,154,60,90,70,60,120,40
353,shuppet,ghost,"insomnia,frisk,cursed-body",6,23,59,44,75,35,63,33,45
354,banette,ghost,"insomnia,frisk,cursed-body",11,125,159,64,115,65,83,63,65
355,duskull,ghost,"levitate,frisk",8,150,59,20,40,90,30,90,25
356,dusclops,ghost,"pressure,frisk",16,306,159,40,70,130,60,130,25
357,tropius,"grass,flying","chlorophyll,solar-power,harvest",20,1000,161,99,68,83,72,87,51
358,chimecho,psychic,levitate,6,10,159,75,50,80,95,90,65
359,absol,dark,"pressure,super-luck,justified",12,470,163,65,130,60,75,60,75
360,wynaut,psychic,"shadow-tag,telepathy",6,140,52,95,23,48,23,48,23
361,snorunt,ice,"inner-focus,ice-body,moody",7,168,60,50,50,50,50,50,50
362,glalie,ice,"inner-focus,ice-body,moody",15,2565,168,80,80,80,80,80,80
363,spheal,"ice,water","thick-fat,ice-body,oblivious",8,395,58,70,40,50,55,50,25
364,sealeo,"ice,water","thick-fat,ice-body,oblivious",11,876,144,90,60,70,75,70,45
365,walrein,"ice,water","thick-fat,ice-body,oblivious",14,1506,239,110,80,90,95,90,65
366,clamperl,water,"shell-armor,rattled",4,525,69,35,64,85,74,55,32
367,huntail,water,"swift-swim,water-veil",17,270,170,55,104,105,94,75,52
368,gorebyss,water,"swift-swim,hydration",18,226,170,55,84,105,114,75,52
369,relicanth,"water,rock","swift-swim,rock-head,sturdy",10,234,170,100,90,130,45,65,55
370,luvdisc,water,"swift-swim,hydration",6,87,116,43,30,55,40,65,97
371,bagon,dragon,"rock-head,sheer-force",6,421,60,45,75,60,40,30,50
372,shelgon,dragon,"rock-head,overcoat",11,1105,147,65,95,100,60,50,50
373,salamence,"dragon,flying","intimidate,moxie",15,1026,270,95,135,80,110,80,100
374,beldum,"steel,psychic","clear-body,light-metal",6,952,60,40,55,80,35,60,30
375,metang,"steel,psychic","clear-body,light-metal",12,2025,147,60,75,100,55,80,50
376,metagross,"steel,psychic","clear-body,light-metal",16,5500,270,80,135,130,95,90,70
377,regirock,rock,"clear-body,sturdy",17,2300,261,80,100,200,50,100,50
378,regice,ice,"clear-body,ice-body",18,1750,261,80,50,100,100,200,50
379,registeel,steel,"clear-body,light-metal",19,2050,261,80,75,150,75,150,50
380,latias,"dragon,psychic",levitate,14,400,270,80,80,90,110,130,110
381,latios,"dragon,psychic",levitate,20,600,270,80,90,80,130,110,110
382,kyogre,water,drizzle,45,3520,302,100,100,90,150,140,90
383,groudon,ground,drought,35,9500,302,100,150,140,100,90,90
384,rayquaza,"dragon,flying",air-lock,70,2065,306,105,150,90,150,90,95
385,jirachi,"steel,psychic",serene-grace,3,11,270,100,100,100,100,100,100
386,deoxys-normal,psychic,pressure,17,608,270,50,150,50,150,50,150
387,turtwig,grass,"overgrow,shell-armor",4,102,64,55,68,64,45,55,31
388,grotle,grass,"overgrow,shell-armor",11,970,142,75,89,85,55,65,36
389,torterra,"grass,ground","overgrow,shell-armor",22,3100,236,95,109,105,75,85,56
390,chimchar,fire,"blaze,iron-fist",5,62,62,44,58,44,58,44,61
391,monferno,"fire,fighting","blaze,iron-fist",9,220,142,64,78,52,78,52,81
392,infernape,"fire,fighting","blaze,iron-fist",12,550,240,76,104,71,104,71,108
393,piplup,water,"torrent,competitive",4,52,63,53,51,53,61,56,40
394,prinplup,water,"torrent,competitive",8,230,142,64,66,68,81,76,50
395,empoleon,"water,steel","torrent,competitive",17,845,239,84,86,88,111,101,60
396,starly,"normal,flying","keen-eye,reckless",3,20,49,40,55,30,30,30,60
397,staravia,"normal,flying","intimidate,reckless",6,155,119,55,75,50,40,40,80
398,staraptor,"normal,flying","intimidate,reckless",12,249,218,85,120,70,50,60,100
399,bidoof,normal,"simple,unaware,moody",5,200,50,59,45,40,35,40,31
400,bibarel,"normal,water","simple,unaware,moody",10,315,144,79,85,60,55,60,71
401,kricketot,bug,"shed-skin,run-away",3,22,39,37,25,41,25,41,25
402,kricketune,bug,"swarm,technician",10,255,134,77,85,51,55,51,65
403,shinx,electric,"rivalry,intimidate,guts",5,95,53,45,65,34,40,34,45
404,luxio,electric,"rivalry,intimidate,guts",9,305,127,60,85,49,60,49,60
405,luxray,electric,"rivalry,intimidate,guts",14,420,235,80,120,79,95,79,70
406,budew,"grass,poison","natural-cure,poison-point,leaf-guard",2,12,56,40,30,35,50,70,55
407,roserade,"grass,poison","natural-cure,poison-point,technician",9,145,232,60,70,65,125,105,90
408,cranidos,rock,"mold-breaker,sheer-force",9,315,70,67,125,40,30,30,58
409,rampardos,rock,"mold-breaker,sheer-force",16,1025,173,97,165,60,65,50,58
410,shieldon,"rock,steel","sturdy,soundproof",5,570,70,30,42,118,42,88,30
411,bastiodon,"rock,steel","sturdy,soundproof",13,1495,173,60,52,168,47,138,30
412,burmy,bug,"shed-skin,overcoat",2,34,45,40,29,45,29,45,36
413,wormadam-plant,"bug,grass","anticipation,overcoat",5,65,148,60,59,85,79,105,36
414,mothim,"bug,flying","swarm,tinted-lens",9,233,148,70,94,50,94,50,66
415,combee,"bug,flying","honey-gather,hustle",3,55,49,30,30,42,30,42,70
416,vespiquen,"bug,flying","pressure,unnerve",12,385,166,70,80,102,80,102,40
417,pachirisu,electric,"run-away,pickup,volt-absorb",4,39,142,60,45,70,45,90,95
418,buizel,water,"swift-swim,water-veil",7,295,66,55,65,35,60,30,85
419,floatzel,water,"swift-swim,water-veil",11,335,173,85,105,55,85,50,115
420,cherubi,grass,chlorophyll,4,33,55,45,35,45,62,53,35
421,cherrim,grass,flower-gift,5,93,158,70,60,70,87,78,85
422,shellos,water,"sticky-hold,storm-drain,sand-force",3,63,65,76,48,48,57,62,34
423,gastrodon,"water,ground","sticky-hold,storm-drain,sand-force",9,299,166,111,83,68,92,82,39
424,ambipom,normal,"technician,pickup,skill-link",12,203,169,75,100,66,60,66,115
425,drifloon,"ghost,flying","aftermath,unburden,flare-boost",4,12,70,90,50,34,60,44,70
426,drifblim,"ghost,flying","aftermath,unburden,flare-boost",12,150,174,150,80,44,90,54,80
427,buneary,normal,"run-away,klutz,limber",4,55,70,55,66,44,44,56,85
428,lopunny,normal,"cute-charm,klutz,limber",12,333,168,65,76,84,54,96,105
429,mismagius,ghost,levitate,9,44,173,60,60,60,105,105,105
430,honchkrow,"dark,flying","insomnia,super-luck,moxie",9,273,177,100,125,52,105,52,71
431,glameow,normal,"limber,own-tempo,keen-eye",5,39,62,49,55,42,42,37,85
432,purugly,normal,"thick-fat,own-tempo,defiant",10,438,158,71,82,64,64,59,112
433,chingling,psychic,levitate,2,6,57,45,30,50,65,50,45
434,stunky,"poison,dark","stench,aftermath,keen-eye",4,192,66,63,63,47,41,41,74
435,skuntank,"poison,dark","stench,aftermath,keen-eye",10,380,168,103,93,67,71,61,84
436,bronzor,"steel,psychic","levitate,heatproof,heavy-metal",5,605,60,57,24,86,24,86,23
437,bronzong,"steel,psychic","levitate,heatproof,heavy-metal",13,1870,175,67,89,116,79,116,33
438,bonsly,rock,"sturdy,rock-head,rattled",5,150,58,50,80,95,10,45,10
439,mime-jr,"psychic,fairy","soundproof,filter,technician",6,130,62,20,25,45,70,90,60
440,happiny,normal,"natural-cure,serene-grace,friend-guard",6,244,110,100,5,5,15,65,30
441,chatot,"normal,flying","keen-eye,tangled-feet,big-pecks",5,19,144,76,65,45,92,42,91
442,spiritomb,"ghost,dark","pressure,infiltrator",10,1080,170,50,92,108,92,108,35
443,gible,"dragon,ground","sand-veil,rough-skin",7,205,60,58,70,45,40,45,42
444,gabite,"dragon,ground","sand-veil,rough-skin",14,560,144,68,90,65,50,55,82
445,garchomp,"dragon,ground","sand-veil,rough-skin",19,950,270,108,130,95,80,85,102
446,munchlax,normal,"pickup,thick-fat,gluttony",6,1050,78,135,85,40,40,85,5
447,riolu,fighting,"steadfast,inner-focus,prankster",7,202,57,40,70,40,35,40,60
448,lucario,"fighting,steel","steadfast,inner-focus,justified",12,540,184,70,110,70,115,70,90
449,hippopotas,ground,"sand-stream,sand-force",8,495,66,68,72,78,38,42,32
450,hippowdon,ground,"sand-stream,sand-force",20,3000,184,108,112,118,68,72,47
451,skorupi,"poison,bug","battle-armor,sniper,keen-eye",8,120,66,40,50,90,30,55,65
452,drapion,"poison,dark","battle-armor,sniper,keen-eye",13,615,175,70,90,110,60,75,95
453,croagunk,"poison,fighting","anticipation,dry-skin,poison-touch",7,230,60,48,61,40,61,40,50
454,toxicroak,"poison,fighting","anticipation,dry-skin,poison-touch",13,444,172,83,106,65,86,65,85
455,carnivine,grass,levitate,14,270,159,74,100,72,90,72,46
456,finneon,water,"swift-swim,storm-drain,water-veil",4,70,66,49,49,56,49,61,66
457,lumineon,water,"swift-swim,storm-drain,water-veil",12,240,161,69,69,76,69,86,91
458,mantyke,"water,flying","swift-swim,water-absorb,water-veil",10,650,69,45,20,50,60,120,50
459,snover,"grass,ice","snow-warning,soundproof",10,505,67,60,62,50,62,60,40
460,abomasnow,"grass,ice","snow-warning,soundproof",22,1355,173,90,92,75,92,85,60
461,weavile,"dark,ice","pressure,pickpocket",11,340,179,70,120,65,45,85,125
462,magnezone,"electric,steel","magnet-pull,sturdy,analytic",12,1800,241,70,70,115,130,90,60
463,lickilicky,normal,"own-tempo,oblivious,cloud-nine",17,1400,180,110,85,95,80,95,50
464,rhyperior,"ground,rock","lightning-rod,solid-rock,reckless",24,2828,241,115,140,130,55,55,40
465,tangrowth,grass,"chlorophyll,leaf-guard,regenerator",20,1286,187,100,100,125,110,50,50
466,electivire,electric,"motor-drive,vital-spirit",18,1386,243,75,123,67,95,85,95
467,magmortar,fire,"flame-body,vital-spirit",16,680,243,75,95,67,125,95,83
468,togekiss,"fairy,flying","hustle,serene-grace,super-luck",15,380,245,85,50,95,120,115,80
469,yanmega,"bug,flying","speed-boost,tinted-lens,frisk",19,515,180,86,76,86,116,56,95
470,leafeon,grass,"leaf-guard,chlorophyll",10,255,184,65,110,130,60,65,95
471,glaceon,ice,"snow-cloak,ice-body",8,259,184,65,60,110,130,95,65
472,gliscor,"ground,flying","hyper-cutter,sand-veil,poison-heal",20,425,179,75,95,125,45,75,95
473,mamoswine,"ice,ground","oblivious,snow-cloak,thick-fat",25,2910,239,110,130,80,70,60,80
474,porygon-z,normal,"adaptability,download,analytic",9,340,241,85,80,70,135,75,90
475,gallade,"psychic,fighting","steadfast,sharpness,justified",16,520,233,68,125,65,65,115,80
476,probopass,"rock,steel","sturdy,magnet-pull,sand-force",14,3400,184,60,55,145,75,150,40
477,dusknoir,ghost,"pressure,frisk",22,1066,236,45,100,135,65,135,45
478,froslass,"ice,ghost","snow-cloak,cursed-body",13,266,168,70,80,70,80,70,110
479,rotom,"electric,ghost",levitate,3,3,154,50,50,77,95,77,91
480,uxie,psychic,levitate,3,3,261,75,75,130,75,130,95
481,mesprit,psychic,levitate,3,3,261,80,105,105,105,105,80
482,azelf,psychic,levitate,3,3,261,75,125,70,125,70,115
483,dialga,"steel,dragon","pressure,telepathy",54,6830,306,100,120,120,150,100,90
484,palkia,"water,dragon","pressure,telepathy",42,3360,306,90,120,100,150,120,100
485,heatran,"fire,steel","flash-fire,flame-body",17,4300,270,91,90,106,130,106,77
486,regigigas,normal,slow-start,37,4200,302,110,160,110,80,110,100
487,giratina-altered,"ghost,dragon","pressure,telepathy",45,7500,306,150,100,120,100,120,90
488,cresselia,psychic,levitate,15,856,270,120,70,110,75,120,85
489,phione,water,hydration,4,31,216,80,80,80,80,80,80
490,manaphy,water,hydration,3,14,270,100,100,100,100,100,100
491,darkrai,dark,bad-dreams,15,505,270,70,90,90,135,90,125
492,shaymin-land,grass,natural-cure,2,21,270,100,100,100,100,100,100
493,arceus,normal,multitype,32,3200,324,120,120,120,120,120,120
494,victini,"psychic,fire",victory-star,4,40,270,100,100,100,100,100,100
495,snivy,grass,"overgrow,contrary",6,81,62,45,45,55,45,55,63
496,servine,grass,"overgrow,contrary",8,160,145,60,60,75,60,75,83
497,serperior,grass,"overgrow,contrary",33,630,238,75,75,95,75,95,113
498,tepig,fire,"blaze,thick-fat",5,99,62,65,63,45,45,45,45
499,pignite,"fire,fighting","blaze,thick-fat",10,555,146,90,93,55,70,55,55
500,emboar,"fire,fighting","blaze,reckless",16,1500,238,110,123,65,100,65,65
501,oshawott,water,"torrent,shell-armor",5,59,62,55,55,45,63,45,45
502,dewott,water,"torrent,shell-armor",8,245,145,75,75,60,83,60,60
503,samurott,water,"torrent,shell-armor",15,946,238,95,100,85,108,70,70
504,patrat,normal,"run-away,keen-eye,analytic",5,116,51,45,55,39,35,39,42
505,watchog,normal,"illuminate,keen-eye,analytic",11,270,147,60,85,69,60,69,77
506,lillipup,normal,"vital-spirit,pickup,run-away",4,41,55,45,60,45,25,45,55
507,herdier,normal,"intimidate,sand-rush,scrappy",9,147,130,65,80,65,35,65,60
508,stoutland,normal,"intimidate,sand-rush,scrappy",12,610,225,85,110,90,45,90,80
509,purrloin,dark,"limber,unburden,prankster",4,101,56,41,50,37,50,37,66
510,liepard,dark,"limber,unburden,prankster",11,375,156,64,88,50,88,50,106
511,pansage,grass,"gluttony,overgrow",6,105,63,50,53,48,53,48,64
512,simisage,grass,"gluttony,overgrow",11,305,174,75,98,63,98,63,101
513,pansear,fire,"gluttony,blaze",6,110,63,50,53,48,53,48,64
514,simisear,fire,"gluttony,blaze",10,280,174,75,98,63,98,63,101
515,panpour,water,"gluttony,torrent",6,135,63,50,53,48,53,48,64
516,simipour,water,"gluttony,torrent",10,290,174,75,98,63,98,63,101
517,munna,psychic,"forewarn,synchronize,telepathy",6,233,58,76,25,45,67,55,24
518,musharna,psychic,"forewarn,synchronize,telepathy",11,605,170,116,55,85,107,95,29
519,pidove,"normal,flying","big-pecks,super-luck,rivalry",3,21,53,50,55,50,36,30,43
520,tranquill,"normal,flying","big-pecks,super-luck,rivalry",6,150,125,62,77,62,50,42,65
521,unfezant,"normal,flying","big-pecks,super-luck,rivalry",12,290,220,80,115,80,65,55,93
522,blitzle,electric,"lightning-rod,motor-drive,sap-sipper",8,298,59,45,60,32,50,32,76
523,zebstrika,electric,"lightning-rod,motor-drive,sap-sipper",16,795,174,75,100,63,80,63,116
524,roggenrola,rock,"sturdy,weak-armor,sand-force",4,180,56,55,75,85,25,25,15
525,boldore,rock,"sturdy,weak-armor,sand-force",9,1020,137,70,105,105,50,40,20
526,gigalith,rock,"sturdy,sand-stream,sand-force",17,2600,232,85,135,130,60,80,25
527,woobat,"psychic,flying","unaware,klutz,simple",4,21,65,65,45,43,55,43,72
528,swoobat,"psychic,flying","unaware,klutz,simple",9,105,149,67,57,55,77,55,114
529,drilbur,ground,"sand-rush,sand-force,mold-breaker",3,85,66,60,85,40,30,45,68
530,excadrill,"ground,steel","sand-rush,sand-force,mold-breaker",7,404,178,110,135,60,50,65,88
531,audino,normal,"healer,regenerator,klutz",11,310,390,103,60,86,60,86,50
532,timburr,fighting,"guts,sheer-force,iron-fist",6,125,61,75,80,55,25,35,35
533,gurdurr,fighting,"guts,sheer-force,iron-fist",12,400,142,85,105,85,40,50,40
534,conkeldurr,fighting,"guts,sheer-force,iron-fist",14,870,227,105,140,95,55,65,45
535,tympole,water,"swift-swim,hydration,water-absorb",5,45,59,50,50,40,50,40,64
536,palpitoad,"water,ground","swift-swim,hydration,water-absorb",8,170,134,75,65,55,65,55,69
537,seismitoad,"water,ground","swift-swim,poison-touch,water-absorb",15,620,229,105,95,75,85,75,74
538,throh,fighting,"guts,inner-focus,mold-breaker",13,555,163,120,100,85,30,85,45
539,sawk,fighting,"sturdy,inner-focus,mold-breaker",14,510,163,75,125,75,30,75,85
540,sewaddle,"bug,grass","swarm,chlorophyll,overcoat",3,25,62,45,53,70,40,60,42
541,swadloon,"bug,grass","leaf-guard,chlorophyll,overcoat",5,73,133,55,63,90,50,80,42
542,leavanny,"bug,grass","swarm,chlorophyll,overcoat",12,205,225,75,103,80,70,80,92
543,venipede,"bug,poison","poison-point,swarm,speed-boost",4,53,52,30,45,59,30,39,57
544,whirlipede,"bug,poison","poison-point,swarm,speed-boost",12,585,126,40,55,99,40,79,47
545,scolipede,"bug,poison","poison-point,swarm,speed-boost",25,2005,218,60,100,89,55,69,112
546,cottonee,"grass,fairy","prankster,infiltrator,chlorophyll",3,6,56,40,27,60,37,50,66
547,whimsicott,"grass,fairy","prankster,infiltrator,chlorophyll",7,66,168,60,67,85,77,75,116
548,petilil,grass,"chlorophyll,own-tempo,leaf-guard",5,66,56,45,35,50,70,50,30
549,lilligant,grass,"chlorophyll,own-tempo,leaf-guard",11,163,168,70,60,75,110,75,90
550,basculin-red-striped,water,"reckless,adaptability,mold-breaker",10,180,161,70,92,65,80,55,98
551,sandile,"ground,dark","intimidate,moxie,anger-point",7,152,58,50,72,35,35,35,65
552,krokorok,"ground,dark","intimidate,moxie,anger-point",10,334,123,60,82,45,45,45,74
553,krookodile,"ground,dark","intimidate,moxie,anger-point",15,963,234,95,117,80,65,70,92
554,darumaka,fire,"hustle,inner-focus",6,375,63,70,90,45,15,45,50
555,darmanitan-standard,fire,"sheer-force,zen-mode",13,929,168,105,140,55,30,55,95
556,maractus,grass,"water-absorb,chlorophyll,storm-drain",10,280,161,75,86,67,106,67,60
557,dwebble,"bug,rock","sturdy,shell-armor,weak-armor",3,145,65,50,65,85,35,35,55
558,crustle,"bug,rock","sturdy,shell-armor,weak-armor",14,2000,170,70,105,125,65,75,45
559,scraggy,"dark,fighting","shed-skin,moxie,intimidate",6,118,70,50,75,70,35,70,48
560,scrafty,"dark,fighting","shed-skin,moxie,intimidate",11,300,171,65,90,115,45,115,58
561,sigilyph,"psychic,flying","wonder-skin,magic-guard,tinted-lens",14,140,172,72,58,80,103,80,97
562,yamask,ghost,mummy,5,15,61,38,30,85,55,65,30
563,cofagrigus,ghost,mummy,17,765,169,58,50,145,95,105,30
564,tirtouga,"water,rock","solid-rock,sturdy,swift-swim",7,165,71,54,78,103,53,45,22
565,carracosta,"water,rock","solid-rock,sturdy,swift-swim",12,810,173,74,108,133,83,65,32
566,archen,"rock,flying",defeatist,5,95,71,55,112,45,74,45,70
567,archeops,"rock,flying",defeatist,14,320,177,75,140,65,112,65,110
568,trubbish,poison,"stench,sticky-hold,aftermath",6,310,66,50,50,62,40,62,65
569,garbodor,poison,"stench,weak-armor,aftermath",19,1073,166,80,95,82,60,82,75
570,zorua,dark,illusion,7,125,66,40,65,40,80,40,65
571,zoroark,dark,illusion,16,811,179,60,105,60,120,60,105
572,minccino,normal,"cute-charm,technician,skill-link",4,58,60,55,50,40,40,40,75
573,cinccino,normal,"cute-charm,technician,skill-link",5,75,165,75,95,60,65,60,115
574,gothita,psychic,"frisk,competitive,shadow-tag",4,58,58,45,30,50,55,65,45
575,gothorita,psychic,"frisk,competitive,shadow-tag",7,180,137,60,45,70,75,85,55
576,gothitelle,psychic,"frisk,competitive,shadow-tag",15,440,221,70,55,95,95,110,65
577,solosis,psychic,"overcoat,magic-guard,regenerator",3,10,58,45,30,40,105,50,20
578,duosion,psychic,"overcoat,magic-guard,regenerator",6,80,130,65,40,50,125,60,30
579,reuniclus,psychic,"overcoat,magic-guard,regenerator",10,201,221,110,65,75,125,85,30
580,ducklett,"water,flying","keen-eye,big-pecks,hydration",5,55,61,62,44,50,44,50,55
581,swanna,"water,flying","keen-eye,big-pecks,hydration",13,242,166,75,87,63,87,63,98
582,vanillite,ice,"ice-body,snow-cloak,weak-armor",4,57,61,36,50,50,65,60,44
583,vanillish,ice,"ice-body,snow-cloak,weak-armor",11,410,138,51,65,65,80,75,59
584,vanilluxe,ice,"ice-body,snow-warning,weak-armor",13,575,241,71,95,85,110,95,79
585,deerling,"normal,grass","chlorophyll,sap-sipper,serene-grace",6,195,67,60,60,50,40,50,75
586,sawsbuck,"normal,grass","chlorophyll,sap-sipper,serene-grace",19,925,166,80,100,70,60,70,95
587,emolga,"electric,flying","static,motor-drive",4,50,150,55,75,60,75,60,103
588,karrablast,bug,"swarm,shed-skin,no-guard",5,59,63,50,75,45,40,45,60
589,escavalier,"bug,steel","swarm,shell-armor,overcoat",10,330,173,70,135,105,60,105,20
590,foongus,"grass,poison","effect-spore,regenerator",2,10,59,69,55,45,55,55,15
591,amoonguss,"grass,poison","effect-spore,regenerator",6,105,162,114,85,70,85,80,30
592,frillish,"water,ghost","water-absorb,cursed-body,damp",12,330,67,55,40,50,65,85,40
593,jellicent,"water,ghost","water-absorb,cursed-body,damp",22,1350,168,100,60,70,85,105,60
594,alomomola,water,"healer,hydration,regenerator",12,316,165,165,75,80,40,45,65
595,joltik,"bug,electric","compound-eyes,unnerve,swarm",1,6,64,50,47,50,57,50,65
596,galvantula,"bug,electric","compound-eyes,unnerve,swarm",8,143,165,70,77,60,97,60,108
597,ferroseed,"grass,steel",iron-barbs,6,188,61,44,50,91,24,86,10
598,ferrothorn,"grass,steel","iron-barbs,anticipation",10,1100,171,74,94,131,54,116,20
599,klink,steel,"plus,minus,clear-body",3,210,60,40,55,70,45,60,30
600,klang,steel,"plus,minus,clear-body",6,510,154,60,80,95,70,85,50
601,klinklang,steel,"plus,minus,clear-body",6,810,234,60,100,115,70,85,90
602,tynamo,electric,levitate,2,3,55,35,55,40,45,40,60
603,eelektrik,electric,levitate,12,220,142,65,85,70,75,70,40
604,eelektross,electric,levitate,21,805,232,85,115,80,105,80,50
605,elgyem,psychic,"telepathy,synchronize,analytic",5,90,67,55,55,55,85,55,30
606,beheeyem,psychic,"telepathy,synchronize,analytic",10,345,170,75,75,75,125,95,40
607,litwick,"ghost,fire","flash-fire,flame-body,infiltrator",3,31,55,50,30,55,65,55,20
608,lampent,"ghost,fire","flash-fire,flame-body,infiltrator",6,130,130,60,40,60,95,60,55
609,chandelure,"ghost,fire","flash-fire,flame-body,infiltrator",10,343,234,60,55,90,145,90,80
610,axew,dragon,"rivalry,mold-breaker,unnerve",6,180,64,46,87,60,30,40,57
611,fraxure,dragon,"rivalry,mold-breaker,unnerve",10,360,144,66,117,70,40,50,67
612,haxorus,dragon,"rivalry,mold-breaker,unnerve",18,1055,243,76,147,90,60,70,97
613,cubchoo,ice,"snow-cloak,slush-rush,rattled",5,85,61,55,70,40,60,40,40
614,beartic,ice,"snow-cloak,slush-rush,swift-swim",26,2600,177,95,130,80,70,80,50
615,cryogonal,ice,levitate,11,1480,180,80,50,50,95,135,105
616,shelmet,bug,"hydration,shell-armor,overcoat",4,77,61,50,40,85,40,65,25
617,accelgor,bug,"hydration,sticky-hold,unburden",8,253,173,80,70,40,100,60,145
618,stunfisk,"ground,electric","static,limber,sand-veil",7,110,165,109,66,84,81,99,32
619,mienfoo,fighting,"inner-focus,regenerator,reckless",9,200,70,45,85,50,55,50,65
620,mienshao,fighting,"inner-focus,regenerator,reckless",14,355,179,65,125,60,95,60,105
621,druddigon,dragon,"rough-skin,sheer-force,mold-breaker",16,1390,170,77,120,90,60,90,48
622,golett,"ground,ghost","iron-fist,klutz,no-guard",10,920,61,59,74,50,35,50,35
623,golurk,"ground,ghost","iron-fist,klutz,no-guard",28,3300,169,89,124,80,55,80,55
624,pawniard,"dark,steel","defiant,inner-focus,pressure",5,102,68,45,85,70,40,40,60
625,bisharp,"dark,steel","defiant,inner-focus,pressure",16,700,172,65,125,100,60,70,70
626,bouffalant,normal,"reckless,sap-sipper,soundproof",16,946,172,95,110,95,40,95,55
627,rufflet,"normal,flying","keen-eye,sheer-force,hustle",5,105,70,70,83,50,37,50,60
628,braviary,"normal,flying","keen-eye,sheer-force,defiant",15,410,179,100,123,75,57,75,80
629,vullaby,"dark,flying","big-pecks,overcoat,weak-armor",5,90,74,70,55,75,45,65,60
630,mandibuzz,"dark,flying","big-pecks,overcoat,weak-armor",12,395,179,110,65,105,55,95,80
631,heatmor,fire,"gluttony,flash-fire,white-smoke",14,580,169,85,97,66,105,66,65
632,durant,"bug,steel","swarm,hustle,truant",3,330,169,58,109,112,48,48,109
633,deino,"dark,dragon",hustle,8,173,60,52,65,50,45,50,38
634,zweilous,"dark,dragon",hustle,14,500,147,72,85,70,65,70,58
635,hydreigon,"dark,dragon",levitate,18,1600,270,92,105,90,125,90,98
636,larvesta,"bug,fire","flame-body,swarm",11,288,72,55,85,55,50,55,60
637,volcarona,"bug,fire","flame-body,swarm",16,460,248,85,60,65,135,105,100
638,cobalion,"steel,fighting",justified,21,2500,261,91,90,129,90,72,108
639,terrakion,"rock,fighting",justified,19,2600,261,91,129,90,72,90,108
640,virizion,"grass,fighting",justified,20,2000,261,91,90,72,90,129,108
641,tornadus-incarnate,flying,"prankster,defiant",15,630,261,79,115,70,125,80,111
642,thundurus-incarnate,"electric,flying","prankster,defiant",15,610,261,79,115,70,125,80,111
643,reshiram,"dragon,fire",turboblaze,32,3300,306,100,120,100,150,120,90
644,zekrom,"dragon,electric",teravolt,29,3450,306,100,150,120,120,100,90
645,landorus-incarnate,"ground,flying","sand-force,sheer-force",15,680,270,89,125,90,115,80,101
646,kyurem,"dragon,ice",pressure,30,3250,297,125,130,90,130,90,95
647,keldeo-ordinary,"water,fighting",justified,14,485,261,91,72,90,129,90,108
648,meloetta-aria,"normal,psychic",serene-grace,6,65,270,100,77,77,128,128,90
649,genesect,"bug,steel",download,15,825,270,71,120,95,120,95,99
650,chespin,grass,"overgrow,bulletproof",4,90,63,56,61,65,48,45,38
651,quilladin,grass,"overgrow,bulletproof",7,290,142,61,78,95,56,58,57
652,chesnaught,"grass,fighting","overgrow,bulletproof",16,900,239,88,107,122,74,75,64
653,fennekin,fire,"blaze,magician",4,94,61,40,45,40,62,60,60
654,braixen,fire,"blaze,magician",10,145,143,59,59,58,90,70,73
655,delphox,"fire,psychic","blaze,magician",15,390,240,75,69,72,114,100,104
656,froakie,water,"torrent,protean",3,70,63,41,56,40,62,44,71
657,frogadier,water,"torrent,protean",6,109,142,54,63,52,83,56,97
658,greninja,"water,dark","torrent,protean",15,400,239,72,95,67,103,71,122
659,bunnelby,normal,"pickup,cheek-pouch,huge-power",4,50,47,38,36,38,32,36,57
660,diggersby,"normal,ground","pickup,cheek-pouch,huge-power",10,424,148,85,56,77,50,77,78
661,fletchling,"normal,flying","big-pecks,gale-wings",3,17,56,45,50,43,40,38,62
662,fletchinder,"fire,flying","flame-body,gale-wings",7,160,134,62,73,55,56,52,84
663,talonflame,"fire,flying","flame-body,gale-wings",12,245,175,78,81,71,74,69,126
664,scatterbug,bug,"shield-dust,compound-eyes,friend-guard",3,25,40,38,35,40,27,25,35
665,spewpa,bug,"shed-skin,friend-guard",3,84,75,45,22,60,27,30,29
666,vivillon,"bug,flying","shield-dust,compound-eyes,friend-guard",12,170,185,80,52,50,90,50,89
667,litleo,"fire,normal","rivalry,unnerve,moxie",6,135,74,62,50,58,73,54,72
668,pyroar,"fire,normal","rivalry,unnerve,moxie",15,815,177,86,68,72,109,66,106
669,flabebe,fairy,"flower-veil,symbiosis",1,1,61,44,38,39,61,79,42
670,floette,fairy,"flower-veil,symbiosis",2,9,130,54,45,47,75,98,52
671,florges,fairy,"flower-veil,symbiosis",11,100,248,78,65,68,112,154,75
672,skiddo,grass,"sap-sipper,grass-pelt",9,310,70,66,65,48,62,57,52
673,gogoat,grass,"sap-sipper,grass-pelt",17,910,186,123,100,62,97,81,68
674,pancham,fighting,"iron-fist,mold-breaker,scrappy",6,80,70,67,82,62,46,48,43
675,pangoro,"fighting,dark","iron-fist,mold-breaker,scrappy",21,1360,173,95,124,78,69,71,58
676,furfrou,normal,fur-coat,12,280,165,75,80,60,65,90,102
677,espurr,psychic,"keen-eye,infiltrator,own-tempo",3,35,71,62,48,54,63,60,68
678,meowstic-male,psychic,"keen-eye,infiltrator,prankster",6,85,163,74,48,76,83,81,104
679,honedge,"steel,ghost",no-guard,8,20,65,45,80,100,35,37,28
680,doublade,"steel,ghost",no-guard,8,45,157,59,110,150,45,49,35
681,aegislash-shield,"steel,ghost",stance-change,17,530,234,60,50,140,50,140,60
682,spritzee,fairy,"healer,aroma-veil",2,5,68,78,52,60,63,65,23
683,aromatisse,fairy,"healer,aroma-veil",8,155,162,101,72,72,99,89,29
684,swirlix,fairy,"sweet-veil,unburden",4,35,68,62,48,66,59,57,49
685,slurpuff,fairy,"sweet-veil,unburden",8,50,168,82,80,86,85,75,72
686,inkay,"dark,psychic","contrary,suction-cups,infiltrator",4,35,58,53,54,53,37,46,45
687,malamar,"dark,psychic","contrary,suction-cups,infiltrator",15,470,169,86,92,88,68,75,73
688,binacle,"rock,water","tough-claws,sniper,pickpocket",5,310,61,42,52,67,39,56,50
689,barbaracle,"rock,water","tough-claws,sniper,pickpocket",13,960,175,72,105,115,54,86,68
690,skrelp,"poison,water","poison-point,poison-touch,adaptability",5,73,64,50,60,60,60,60,30
691,dragalge,"poison,dragon","poison-point,poison-touch,adaptability",18,815,173,65,75,90,97,123,44
692,clauncher,water,mega-launcher,5,83,66,50,53,62,58,63,44
693,clawitzer,water,mega-launcher,13,353,100,71,73,88,120,89,59
694,helioptile,"electric,normal","dry-skin,sand-veil,solar-power",5,60,58,44,38,33,61,43,70
695,heliolisk,"electric,normal","dry-skin,sand-veil,solar-power",10,210,168,62,55,52,109,94,109
696,tyrunt,"rock,dragon","strong-jaw,sturdy",8,260,72,58,89,77,45,45,48
697,tyrantrum,"rock,dragon","strong-jaw,rock-head",25,2700,182,82,121,119,69,59,71
698,amaura,"rock,ice","refrigerate,snow-warning",13,252,72,77,59,50,67,63,46
699,aurorus,"rock,ice","refrigerate,snow-warning",27,2250,104,123,77,72,99,92,58
700,sylveon,fairy,"cute-charm,pixilate",10,235,184,95,65,65,110,130,60
701,hawlucha,"fighting,flying","limber,unburden,mold-breaker",8,215,175,78,92,75,74,63,118
702,dedenne,"electric,fairy","cheek-pouch,pickup,plus",2,22,151,67,58,57,81,67,101
703,carbink,"rock,fairy","clear-body,sturdy",3,57,100,50,50,150,50,150,50
704,goomy,dragon,"sap-sipper,hydration,gooey",3,28,60,45,50,35,55,75,40
705,sliggoo,dragon,"sap-sipper,hydration,gooey",8,175,158,68,75,53,83,113,60
706,goodra,dragon,"sap-sipper,hydration,gooey",20,1505,270,90,100,70,110,150,80
707,klefki,"steel,fairy","prankster,magician",2,30,165,57,80,91,80,87,75
708,phantump,"ghost,grass","natural-cure,frisk,harvest",4,70,62,43,70,48,50,60,38
709,trevenant,"ghost,grass","natural-cure,frisk,harvest",15,710,166,85,110,76,65,82,56
710,pumpkaboo-average,"ghost,grass","pickup,frisk,insomnia",4,50,67,49,66,70,44,55,51
711,gourgeist-average,"ghost,grass","pickup,frisk,insomnia",9,125,173,65,90,122,58,75,84
712,bergmite,ice,"own-tempo,ice-body,sturdy",10,995,61,55,69,85,32,35,28
713,avalugg,ice,"own-tempo,ice-body,sturdy",20,5050,180,95,117,184,44,46,28
714,noibat,"flying,dragon","frisk,infiltrator,telepathy",5,80,49,40,30,35,45,40,55
715,noivern,"flying,dragon","frisk,infiltrator,telepathy",15,850,187,85,70,80,97,80,123
716,xerneas,fairy,fairy-aura,30,2150,306,126,131,95,131,98,99
717,yveltal,"dark,flying",dark-aura,58,2030,306,126,131,95,131,98,99
718,zygarde-50,"dragon,ground",aura-break,50,3050,270,108,100,121,81,95,95
719,diancie,"rock,fairy",clear-body,7,88,270,50,100,150,100,150,50
720,hoopa,"psychic,ghost",magician,5,90,270,80,110,60,150,130,70
721,volcanion,"fire,water",water-absorb,17,1950,270,80,110,120,130,90,70
722,rowlet,"grass,flying","overgrow,long-reach",3,15,64,68,55,55,50,50,42
723,dartrix,"grass,flying","overgrow,long-reach",7,160,147,78,75,75,70,70,52
724,decidueye,"grass,ghost","overgrow,long-reach",16,366,239,78,107,75,100,100,70
725,litten,fire,"blaze,intimidate",4,43,64,45,65,40,60,40,70
726,torracat,fire,"blaze,intimidate",7,250,147,65,85,50,80,50,90
727,incineroar,"fire,dark","blaze,intimidate",18,830,239,95,115,90,80,90,60
728,popplio,water,"torrent,liquid-voice",4,75,64,50,54,54,66,56,40
729,brionne,water,"torrent,liquid-voice",6,175,147,60,69,69,91,81,50
730,primarina,"water,fairy","torrent,liquid-voice",18,440,239,80,74,74,126,116,60
731,pikipek,"normal,flying","keen-eye,skill-link,pickup",3,12,53,35,75,30,30,30,65
732,trumbeak,"normal,flying","keen-eye,skill-link,pickup",6,148,124,55,85,50,40,50,75
733,toucannon,"normal,flying","keen-eye,skill-link,sheer-force",11,260,218,80,120,75,75,75,60
734,yungoos,normal,"stakeout,strong-jaw,adaptability",4,60,51,48,70,30,30,30,45
735,gumshoos,normal,"stakeout,strong-jaw,adaptability",7,142,146,88,110,60,55,60,45
736,grubbin,bug,swarm,4,44,60,47,62,45,55,45,46
737,charjabug,"bug,electric",battery,5,105,140,57,82,95,55,75,36
738,vikavolt,"bug,electric",levitate,15,450,225,77,70,90,145,75,43
739,crabrawler,fighting,"hyper-cutter,iron-fist,anger-point",6,70,68,47,82,57,42,47,63
740,crabominable,"fighting,ice","hyper-cutter,iron-fist,anger-point",17,1800,167,97,132,77,62,67,43
741,oricorio-baile,"fire,flying",dancer,6,34,167,75,70,70,98,70,93
742,cutiefly,"bug,fairy","honey-gather,shield-dust,sweet-veil",1,2,61,40,45,40,55,40,84
743,ribombee,"bug,fairy","honey-gather,shield-dust,sweet-veil",2,5,162,60,55,60,95,70,124
744,rockruff,rock,"keen-eye,vital-spirit,steadfast",5,92,56,45,65,40,30,40,60
745,lycanroc-midday,rock,"keen-eye,sand-rush,steadfast",8,250,170,75,115,65,55,65,112
746,wishiwashi-solo,water,schooling,2,3,61,45,20,20,25,25,40
747,mareanie,"poison,water","merciless,limber,regenerator",4,80,61,50,53,62,43,52,45
748,toxapex,"poison,water","merciless,limber,regenerator",7,145,173,50,63,152,53,142,35
749,mudbray,ground,"own-tempo,stamina,inner-focus",10,1100,77,70,100,70,45,55,45
750,mudsdale,ground,"own-tempo,stamina,inner-focus",25,9200,175,100,125,100,55,85,35
751,dewpider,"water,bug","water-bubble,water-absorb",3,40,54,38,40,52,40,72,27
752,araquanid,"water,bug","water-bubble,water-absorb",18,820,159,68,70,92,50,132,42
753,fomantis,grass,"leaf-guard,contrary",3,15,50,40,55,35,50,35,35
754,lurantis,grass,"leaf-guard,contrary",9,185,168,70,105,90,80,90,45
755,morelull,"grass,fairy","illuminate,effect-spore,rain-dish",2,15,57,40,35,55,65,75,15
756,shiinotic,"grass,fairy","illuminate,effect-spore,rain-dish",10,115,142,60,45,80,90,100,30
757,salandit,"poison,fire","corrosion,oblivious",6,48,64,48,44,40,71,40,77
758,salazzle,"poison,fire","corrosion,oblivious",12,222,168,68,64,60,111,60,117
759,stufful,"normal,fighting","fluffy,klutz,cute-charm",5,68,68,70,75,50,45,50,50
760,bewear,"normal,fighting","fluffy,klutz,unnerve",21,1350,175,120,125,80,55,60,60
761,bounsweet,grass,"leaf-guard,oblivious,sweet-veil",3,32,42,42,30,38,30,38,32
762,steenee,grass,"leaf-guard,oblivious,sweet-veil",7,82,102,52,40,48,40,48,62
763,tsareena,grass,"leaf-guard,queenly-majesty,sweet-veil",12,214,230,72,120,98,50,98,72
764,comfey,fairy,"flower-veil,triage,natural-cure",1,3,170,51,52,90,82,110,100
765,oranguru,"normal,psychic","inner-focus,telepathy,symbiosis",15,760,172,90,60,80,90,110,60
766,passimian,fighting,"receiver,defiant",20,828,172,100,120,90,40,60,80
767,wimpod,"bug,water",wimp-out,5,120,46,25,35,40,20,30,80
768,golisopod,"bug,water",emergency-exit,20,1080,186,75,125,140,60,90,40
769,sandygast,"ghost,ground","water-compaction,sand-veil",5,700,64,55,55,80,70,45,15
770,palossand,"ghost,ground","water-compaction,sand-veil",13,2500,168,85,75,110,100,75,35
771,pyukumuku,water,"innards-out,unaware",3,12,144,55,60,130,30,130,5
772,type-null,normal,battle-armor,19,1205,107,95,95,95,95,95,59
773,silvally,normal,rks-system,23,1005,257,95,95,95,95,95,95
774,minior-red-meteor,"rock,flying",shields-down,3,400,154,60,60,100,60,100,60
775,komala,normal,comatose,4,199,168,65,115,65,75,95,65
776,turtonator,"fire,dragon",shell-armor,20,2120,170,60,78,135,91,85,36
777,togedemaru,"electric,steel","iron-barbs,lightning-rod,sturdy",3,33,152,65,98,63,40,73,96
778,mimikyu-disguised,"ghost,fairy",disguise,2,7,167,55,90,80,50,105,96
779,bruxish,"water,psychic","dazzling,strong-jaw,wonder-skin",9,190,166,68,105,70,70,70,92
780,drampa,"normal,dragon","berserk,sap-sipper,cloud-nine",30,1850,170,78,60,85,135,91,36
781,dhelmise,"ghost,grass",steelworker,39,2100,181,70,131,100,86,90,40
782,jangmo-o,dragon,"bulletproof,soundproof,overcoat",6,297,60,45,55,65,45,45,45
783,hakamo-o,"dragon,fighting","bulletproof,soundproof,overcoat",12,470,147,55,75,90,65,70,65
784,kommo-o,"dragon,fighting","bulletproof,soundproof,overcoat",16,782,270,75,110,125,100,105,85
785,tapu-koko,"electric,fairy","electric-surge,telepathy",18,205,257,70,115,85,95,75,130
786,tapu-lele,"psychic,fairy","psychic-surge,telepathy",12,186,257,70,85,75,130,115,95
787,tapu-bulu,"grass,fairy","grassy-surge,telepathy",19,455,257,70,130,115,85,95,75
788,tapu-fini,"water,fairy","misty-surge,telepathy",13,212,257,70,75,115,95,130,85
789,cosmog,psychic,unaware,2,1,40,43,29,31,29,31,37
790,cosmoem,psychic,sturdy,1,9999,140,43,29,131,29,131,37
791,solgaleo,"psychic,steel",full-metal-body,34,2300,306,137,137,107,113,89,97
792,lunala,"psychic,ghost",shadow-shield,40,1200,306,137,113,89,137,107,97
793,nihilego,"rock,poison",beast-boost,12,555,257,109,53,47,127,131,103
794,buzzwole,"bug,fighting",beast-boost,24,3336,257,107,139,139,53,53,79
795,pheromosa,"bug,fighting",beast-boost,18,250,257,71,137,37,137,37,151
796,xurkitree,electric,beast-boost,38,1000,257,83,89,71,173,71,83
797,celesteela,"steel,flying",beast-boost,92,9999,257,97,101,103,107,101,61
798,kartana,"grass,steel",beast-boost,3,1,257,59,181,131,59,31,109
799,guzzlord,"dark,dragon",beast-boost,55,8880,257,223,101,53,97,53,43
800,necrozma,psychic,prism-armor,24,2300,270,97,107,101,127,89,79
801,magearna,"steel,fairy",soul-heart,10,805,270,80,95,115,130,115,65
802,marshadow,"fighting,ghost",technician,7,222,270,90,125,80,90,90,125
803,poipole,poison,beast-boost,6,18,189,67,73,67,73,67,73
804,naganadel,"poison,dragon",beast-boost,36,1500,243,73,73,73,127,73,121
805,stakataka,"rock,steel",beast-boost,55,8200,257,61,131,211,53,101,13
806,blacephalon,"fire,ghost",beast-boost,18,130,257,53,127,53,151,79,107
807,zeraora,electric,volt-absorb,15,445,270,88,112,75,102,80,143
808,meltan,steel,magnet-pull,2,80,135,46,65,65,55,35,34
809,melmetal,steel,iron-fist,25,8000,270,135,143,143,80,65,34
810,grookey,grass,"overgrow,grassy-surge",3,50,62,50,65,50,40,40,65
811,thwackey,grass,"overgrow,grassy-surge",7,140,147,70,85,70,55,60,80
812,rillaboom,grass,"overgrow,grassy-surge",21,900,265,100,125,90,60,70,85
813,scorbunny,fire,"blaze,libero",3,45,62,50,71,40,40,40,69
814,raboot,fire,"blaze,libero",6,90,147,65,86,60,55,60,94
815,cinderace,fire,"blaze,libero",14,330,265,80,116,75,65,75,119
816,sobble,water,"torrent,sniper",3,40,62,50,40,40,70,40,70
817,drizzile,water,"torrent,sniper",7,115,147,65,60,55,95,55,90
818,inteleon,water,"torrent,sniper",19,452,265,70,85,65,125,65,120
819,skwovet,normal,"cheek-pouch,gluttony",3,25,55,70,55,55,35,35,25
820,greedent,normal,"cheek-pouch,gluttony",6,60,161,120,95,95,55,75,20
821,rookidee,flying,"keen-eye,unnerve,big-pecks",2,18,49,38,47,35,33,35,57
822,corvisquire,flying,"keen-eye,unnerve,big-pecks",8,160,128,68,67,55,43,55,77
823,corviknight,"flying,steel","pressure,unnerve,mirror-armor",22,750,248,98,87,105,53,85,67
824,blipbug,bug,"swarm,compound-eyes,telepathy",4,80,36,25,20,20,25,45,45
825,dottler,"bug,psychic","swarm,compound-eyes,telepathy",4,195,117,50,35,80,50,90,30
826,orbeetle,"bug,psychic","swarm,frisk,telepathy",4,408,253,60,45,110,80,120,90
827,nickit,dark,"run-away,unburden,stakeout",6,89,49,40,28,28,47,52,50
828,thievul,dark,"run-away,unburden,stakeout",12,199,159,70,58,58,87,92,90
829,gossifleur,grass,"cotton-down,regenerator,effect-spore",4,22,50,40,40,60,40,60,10
830,eldegoss,grass,"cotton-down,regenerator,effect-spore",5,25,161,60,50,90,80,120,60
831,wooloo,normal,"fluffy,run-away,bulletproof",6,60,122,42,40,55,40,45,48
832,dubwool,normal,"fluffy,steadfast,bulletproof",13,430,172,72,80,100,60,90,88
833,chewtle,water,"strong-jaw,shell-armor,swift-swim",3,85,57,50,64,50,38,38,44
834,drednaw,"water,rock","strong-jaw,shell-armor,swift-swim",10,1155,170,90,115,90,48,68,74
835,yamper,electric,"ball-fetch,rattled",3,135,54,59,45,50,40,50,26
836,boltund,electric,"strong-jaw,competitive",10,340,172,69,90,60,90,60,121
837,rolycoly,rock,"steam-engine,heatproof,flash-fire",3,120,48,30,40,50,40,50,30
838,carkol,"rock,fire","steam-engine,flame-body,flash-fire",11,780,144,80,60,90,60,70,50
839,coalossal,"rock,fire","steam-engine,flame-body,flash-fire",28,3105,255,110,80,120,80,90,30
840,applin,"grass,dragon","ripen,gluttony,bulletproof",2,5,52,40,40,80,40,40,20
841,flapple,"grass,dragon","ripen,gluttony,hustle",3,10,170,70,110,80,95,60,70
842,appletun,"grass,dragon","ripen,gluttony,thick-fat",4,130,170,110,85,80,100,80,30
843,silicobra,ground,"sand-spit,shed-skin,sand-veil",22,76,63,52,57,75,35,50,46
844,sandaconda,ground,"sand-spit,shed-skin,sand-veil",38,655,179,72,107,125,65,70,71
845,cramorant,"flying,water",gulp-missile,8,180,166,70,85,55,85,95,85
846,arrokuda,water,"swift-swim,propeller-tail",5,10,56,41,63,40,40,30,66
847,barraskewda,water,"swift-swim,propeller-tail",13,300,172,61,123,60,60,50,136
848,toxel,"electric,poison","rattled,static,klutz",4,110,48,40,38,35,54,35,40
849,toxtricity-amped,"electric,poison","punk-rock,plus,technician",16,400,176,75,98,70,114,70,75
850,sizzlipede,"fire,bug","flash-fire,white-smoke,flame-body",7,10,61,50,65,45,50,50,45
851,centiskorch,"fire,bug","flash-fire,white-smoke,flame-body",30,1200,184,100,115,65,90,90,65
852,clobbopus,fighting,"limber,technician",6,40,62,50,68,60,50,50,32
853,grapploct,fighting,"limber,technician",16,390,168,80,118,90,70,80,42
854,sinistea,ghost,"weak-armor,cursed-body",1,2,62,40,45,45,74,54,50
855,polteageist,ghost,"weak-armor,cursed-body",2,4,178,60,65,65,134,114,70
856,hatenna,psychic,"healer,anticipation,magic-bounce",4,34,53,42,30,45,56,53,39
857,hattrem,psychic,"healer,anticipation,magic-bounce",6,48,130,57,40,65,86,73,49
858,hatterene,"psychic,fairy","healer,anticipation,magic-bounce",21,51,255,57,90,95,136,103,29
859,impidimp,"dark,fairy","prankster,frisk,pickpocket",4,55,53,45,45,30,55,40,50
860,morgrem,"dark,fairy","prankster,frisk,pickpocket",8,125,130,65,60,45,75,55,70
861,grimmsnarl,"dark,fairy","prankster,frisk,pickpocket",15,610,255,95,120,65,95,75,60
862,obstagoon,"dark,normal","reckless,guts,defiant",16,460,260,93,90,101,60,81,95
863,perrserker,steel,"battle-armor,tough-claws,steely-spirit",8,280,154,70,110,100,50,60,50
864,cursola,ghost,"weak-armor,perish-body",10,4,179,60,95,50,145,130,30
865,sirfetchd,fighting,"steadfast,scrappy",8,1170,177,62,135,95,68,82,65
866,mr-rime,"ice,psychic","tangled-feet,screen-cleaner,ice-body",15,582,182,80,85,75,110,100,70
867,runerigus,"ground,ghost",wandering-spirit,16,666,169,58,95,145,50,105,30
868,milcery,fairy,"sweet-veil,aroma-veil",2,3,54,45,40,40,50,61,34
869,alcremie,fairy,"sweet-veil,aroma-veil",3,5,173,65,60,75,110,121,64
870,falinks,fighting,"battle-armor,defiant",30,620,165,65,100,100,70,60,75
871,pincurchin,electric,"lightning-rod,electric-surge",3,10,152,48,101,95,91,85,15
872,snom,"ice,bug","shield-dust,ice-scales",3,38,37,30,25,35,45,30,20
873,frosmoth,"ice,bug","shield-dust,ice-scales",13,420,166,70,65,60,125,90,65
874,stonjourner,rock,power-spot,25,5200,165,100,125,135,20,20,70
875,eiscue-ice,ice,ice-face,14,890,165,75,80,110,65,90,50
876,indeedee-male,"psychic,normal","inner-focus,synchronize,psychic-surge",9,280,166,60,65,55,105,95,95
877,morpeko-full-belly,"electric,dark",hunger-switch,3,30,153,58,95,58,70,58,97
878,cufant,steel,"sheer-force,heavy-metal",12,1000,66,72,80,49,40,49,40
879,copperajah,steel,"sheer-force,heavy-metal",30,6500,175,122,130,69,80,69,30
880,dracozolt,"electric,dragon","volt-absorb,hustle,sand-rush",18,1900,177,90,100,90,80,70,75
881,arctozolt,"electric,ice","volt-absorb,static,slush-rush",23,1500,177,90,100,90,90,80,55
882,dracovish,"water,dragon","water-absorb,strong-jaw,sand-rush",23,2150,177,90,90,100,70,80,75
883,arctovish,"water,ice","water-absorb,ice-body,slush-rush",20,1750,177,90,90,100,80,90,55
884,duraludon,"steel,dragon","light-metal,heavy-metal,stalwart",18,400,187,70,95,115,120,50,85
885,dreepy,"dragon,ghost","clear-body,infiltrator,cursed-body",5,20,54,28,60,30,40,30,82
886,drakloak,"dragon,ghost","clear-body,infiltrator,cursed-body",14,110,144,68,80,50,60,50,102
887,dragapult,"dragon,ghost","clear-body,infiltrator,cursed-body",30,500,300,88,120,75,100,75,142
888,zacian,fairy,intrepid-sword,28,1100,335,92,120,115,80,115,138
889,zamazenta,fighting,dauntless-shield,29,2100,335,92,120,115,80,115,138
890,eternatus,"poison,dragon",pressure,200,9500,345,140,85,95,145,95,130
891,kubfu,fighting,inner-focus,6,120,77,60,90,60,53,50,72
892,urshifu-single-strike,"fighting,dark",unseen-fist,19,1050,275,100,130,100,63,60,97
893,zarude,"dark,grass",leaf-guard,18,700,300,105,120,105,70,95,105
894,regieleki,electric,transistor,12,1450,290,80,100,50,100,50,200
895,regidrago,dragon,dragons-maw,21,2000,290,200,100,50,100,50,80
896,glastrier,ice,chilling-neigh,22,8000,290,100,145,130,65,110,30
897,spectrier,ghost,grim-neigh,20,445,290,100,65,60,145,80,130
898,calyrex,"psychic,grass",unnerve,11,77,250,100,80,80,80,80,80
899,wyrdeer,"normal,psychic","intimidate,frisk,sap-sipper",18,951,263,103,105,72,105,75,65
900,kleavor,"bug,rock","swarm,sheer-force,sharpness",18,890,175,70,135,95,45,70,85
901,ursaluna,"ground,normal","guts,bulletproof,unnerve",24,2900,275,130,140,105,45,80,50
902,basculegion-male,"water,ghost","swift-swim,adaptability,mold-breaker",30,1100,265,120,112,65,80,75,78
903,sneasler,"fighting,poison","pressure,unburden,poison-touch",13,430,102,80,130,60,40,80,120
904,overqwil,"dark,poison","poison-point,swift-swim,intimidate",25,605,179,85,115,95,65,65,85
905,enamorus-incarnate,"fairy,flying","cute-charm,contrary",16,480,116,74,115,70,135,80,106
906,sprigatito,grass,"overgrow,protean",4,41,62,40,61,54,45,45,65
907,floragato,grass,"overgrow,protean",9,122,144,61,80,63,60,63,83
908,meowscarada,"grass,dark","overgrow,protean",15,312,265,76,110,70,81,70,123
909,fuecoco,fire,"blaze,unaware",4,98,62,67,45,59,63,40,36
910,crocalor,fire,"blaze,unaware",10,307,144,81,55,78,90,58,49
911,skeledirge,"fire,ghost","blaze,unaware",16,3265,265,104,75,100,110,75,66
912,quaxly,water,"torrent,moxie",5,61,62,55,65,45,50,45,50
913,quaxwell,water,"torrent,moxie",12,215,144,70,85,65,65,60,65
914,quaquaval,"water,fighting","torrent,moxie",18,619,265,85,120,80,85,75,85
915,lechonk,normal,"aroma-veil,gluttony,thick-fat",5,102,51,54,45,40,35,45,35
916,oinkologne-male,normal,"lingering-aroma,gluttony,thick-fat",10,1200,171,110,100,75,59,80,65
917,tarountula,bug,"insomnia,stakeout",3,40,42,35,41,45,29,40,20
918,spidops,bug,"insomnia,stakeout",10,165,141,60,79,92,52,86,35
919,nymble,bug,"swarm,tinted-lens",2,10,42,33,46,40,21,25,45
920,lokix,"bug,dark","swarm,tinted-lens",10,175,158,71,102,78,52,55,92
921,pawmi,electric,"static,natural-cure,iron-fist",3,25,48,45,50,20,40,25,60
922,pawmo,"electric,fighting","volt-absorb,natural-cure,iron-fist",4,65,123,60,75,40,50,40,85
923,pawmot,"electric,fighting","volt-absorb,natural-cure,iron-fist",9,410,245,70,115,70,70,60,105
924,tandemaus,normal,"run-away,pickup,own-tempo",3,18,61,50,50,45,40,45,75
925,maushold-family-of-four,normal,"friend-guard,cheek-pouch,technician",3,23,165,74,75,70,65,75,111
926,fidough,fairy,"own-tempo,klutz",3,109,62,37,55,70,30,55,65
927,dachsbun,fairy,"well-baked-body,aroma-veil",5,149,167,57,80,115,50,80,95
928,smoliv,"grass,normal","early-bird,harvest",3,65,52,41,35,45,58,51,30
929,dolliv,"grass,normal","early-bird,harvest",6,119,124,52,53,60,78,78,33
930,arboliva,"grass,normal","seed-sower,harvest",14,482,255,78,69,90,125,109,39
931,squawkabilly-green-plumage,"normal,flying","intimidate,hustle,guts",6,24,146,82,96,51,45,51,92
932,nacli,rock,"purifying-salt,sturdy,clear-body",4,160,56,55,55,75,35,35,25
933,naclstack,rock,"purifying-salt,sturdy,clear-body",6,1050,124,60,60,100,35,65,35
934,garganacl,rock,"purifying-salt,sturdy,clear-body",23,2400,250,100,100,130,45,90,35
935,charcadet,fire,"flash-fire,flame-body",6,105,51,40,50,40,50,40,35
936,armarouge,"fire,psychic","flash-fire,weak-armor",15,850,263,85,60,100,125,80,75
937,ceruledge,"fire,ghost","flash-fire,weak-armor",16,620,263,75,125,80,60,100,85
938,tadbulb,electric,"own-tempo,static,damp",3,4,54,61,31,41,59,35,45
939,bellibolt,electric,"electromorphosis,static,damp",12,1130,173,109,64,91,103,83,45
940,wattrel,"electric,flying","wind-power,volt-absorb,competitive",4,36,56,40,40,35,55,40,70
941,kilowattrel,"electric,flying","wind-power,volt-absorb,competitive",14,386,172,70,70,60,105,60,125
942,maschiff,dark,"intimidate,run-away,stakeout",5,160,68,60,78,60,40,51,51
943,mabosstiff,dark,"intimidate,guard-dog,stakeout",11,610,177,80,120,90,60,70,85
944,shroodle,"poison,normal","unburden,pickpocket,prankster",2,7,58,40,65,35,40,35,75
945,grafaiai,"poison,normal","unburden,poison-touch,prankster",7,272,170,63,95,65,80,72,110
946,bramblin,"grass,ghost","wind-rider,infiltrator",6,6,55,40,65,30,45,35,60
947,brambleghast,"grass,ghost","wind-rider,infiltrator",12,60,168,55,115,70,80,70,90
948,toedscool,"ground,grass","mycelium-might,mycelium-might",9,330,67,40,40,35,50,100,70
949,toedscruel,"ground,grass","mycelium-might,mycelium-might",19,580,180,80,70,65,80,120,100
950,klawf,rock,"anger-shell,shell-armor,regenerator",13,790,158,70,100,115,35,55,75
951,capsakid,grass,"chlorophyll,insomnia,klutz",3,30,61,50,62,40,62,40,50
952,scovillain,"grass,fire","chlorophyll,insomnia,moody",9,150,170,65,108,65,108,65,75
953,rellor,bug,"compound-eyes,shed-skin",2,10,54,41,50,60,31,58,30
954,rabsca,"bug,psychic","synchronize,telepathy",3,35,165,75,50,85,115,100,45
955,flittle,psychic,"anticipation,frisk,speed-boost",2,15,51,30,35,30,55,30,75
956,espathra,psychic,"opportunist,frisk,speed-boost",19,900,168,95,60,60,101,60,105
957,tinkatink,"fairy,steel","mold-breaker,own-tempo,pickpocket",4,89,59,50,45,45,35,64,58
958,tinkatuff,"fairy,steel","mold-breaker,own-tempo,pickpocket",7,591,133,65,55,55,45,82,78
959,tinkaton,"fairy,steel","mold-breaker,own-tempo,pickpocket",7,1128,253,85,75,77,70,105,94
960,wiglett,water,"gooey,rattled,sand-veil",12,18,49,10,55,25,35,25,95
961,wugtrio,water,"gooey,rattled,sand-veil",12,54,149,35,100,50,50,70,120
962,bombirdier,"flying,dark","big-pecks,keen-eye,rocky-payload",15,429,243,70,103,85,60,85,82
963,finizen,water,"water-veil,water-veil",13,602,63,70,45,40,45,40,75
964,palafin-zero,water,"zero-to-hero,zero-to-hero",13,602,160,100,70,72,53,62,100
965,varoom,"steel,poison","overcoat,slow-start",10,350,60,45,70,63,30,45,47
966,revavroom,"steel,poison","overcoat,filter",18,1200,175,80,119,90,54,67,90
967,cyclizar,"dragon,normal","shed-skin,regenerator",16,630,175,70,95,65,85,65,121
968,orthworm,steel,"earth-eater,sand-veil",25,3100,240,70,85,145,60,55,65
969,glimmet,"rock,poison","toxic-debris,corrosion",7,80,70,48,35,42,105,60,60
970,glimmora,"rock,poison","toxic-debris,corrosion",15,450,184,83,55,90,130,81,86
971,greavard,ghost,"pickup,fluffy",6,350,58,50,61,60,30,55,34
972,houndstone,ghost,"sand-rush,fluffy",20,150,171,72,101,100,50,97,68
973,flamigo,"flying,fighting","scrappy,tangled-feet,costar",16,370,175,82,115,74,75,64,90
974,cetoddle,ice,"thick-fat,snow-cloak,sheer-force",12,450,67,108,68,45,30,40,43
975,cetitan,ice,"thick-fat,slush-rush,sheer-force",45,7000,182,170,113,65,45,55,73
976,veluza,"water,psychic","mold-breaker,sharpness",25,900,167,90,102,73,78,65,70
977,dondozo,water,"unaware,oblivious,water-veil",120,2200,265,150,100,115,65,65,35
978,tatsugiri-curly,"dragon,water","commander,storm-drain",3,80,166,68,50,60,120,95,82
979,annihilape,"fighting,ghost","vital-spirit,inner-focus,defiant",12,560,268,110,115,80,50,90,90
980,clodsire,"poison,ground","poison-point,water-absorb,unaware",18,2230,151,130,75,60,45,100,20
981,farigiraf,"normal,psychic","cud-chew,armor-tail,sap-sipper",32,1600,260,120,90,70,110,70,60
982,dudunsparce-two-segment,normal,"serene-grace,run-away,rattled",36,392,182,125,100,80,85,75,55
983,kingambit,"dark,steel","defiant,supreme-overlord,pressure",20,1200,275,100,135,120,60,85,50
984,great-tusk,"ground,fighting",protosynthesis,22,3200,285,115,131,131,53,53,87
985,scream-tail,"fairy,psychic",protosynthesis,12,80,285,115,65,99,65,115,111
986,brute-bonnet,"grass,dark",protosynthesis,12,210,285,111,127,99,79,99,55
987,flutter-mane,"ghost,fairy",protosynthesis,14,40,285,55,55,55,135,135,135
988,slither-wing,"bug,fighting",protosynthesis,32,920,285,85,135,79,85,105,81
989,sandy-shocks,"electric,ground",protosynthesis,23,600,285,85,81,97,121,85,101
990,iron-treads,"ground,steel",quark-drive,9,2400,285,90,112,120,72,70,106
991,iron-bundle,"ice,water",quark-drive,6,110,285,56,80,114,124,60,136
992,iron-hands,"fighting,electric",quark-drive,18,3807,285,154,140,108,50,68,50
993,iron-jugulis,"dark,flying",quark-drive,13,1110,285,94,80,86,122,80,108
994,iron-moth,"fire,poison",quark-drive,12,360,285,80,70,60,140,110,110
995,iron-thorns,"rock,electric",quark-drive,16,3030,285,100,134,110,70,84,72
996,frigibax,"dragon,ice","thermal-exchange,ice-body",5,170,64,65,75,45,35,45,55
997,arctibax,"dragon,ice","thermal-exchange,ice-body",8,300,148,90,95,66,45,65,62
998,baxcalibur,"dragon,ice","thermal-exchange,ice-body",21,2100,300,115,145,92,75,86,87
999,gimmighoul,ghost,rattled,3,50,60,45,30,70,75,70,10
1000,gholdengo,"steel,ghost",good-as-gold,12,300,275,87,60,95,133,91,84
